insert into Sys_Module(F_Id, F_ParentId, F_Layers, F_EnCode, F_FullName, F_Icon, F_UrlAddress, F_Target, F_IsMenu, F_IsExpand, F_IsPublic, F_AllowEdit, F_AllowDelete, F_SortCode, F_DeleteMark, F_EnabledMark, F_Description, F_CreatorTime, F_CreatorUserId, F_LastModifyTime, F_LastModifyUserId, F_DeleteTime, F_DeleteUserId) values ('824e1ef5-0dd3-465c-95bb-38f9db54a203', '0', Null, Null, '班组任务', 'fa fa-calendar-check-o', Null, 'expand', 'False', 'True', 'False', 'False', 'False', 10, Null, 'True', Null, '2020/6/1 10:40:56', '9f2ec079-7d0f-4fe2-90ab-8b09a8302aba', '2020/6/5 15:39:28', '9f2ec079-7d0f-4fe2-90ab-8b09a8302aba', Null, Null)
insert into Sys_Module(F_Id, F_ParentId, F_Layers, F_EnCode, F_FullName, F_Icon, F_UrlAddress, F_Target, F_IsMenu, F_IsExpand, F_IsPublic, F_AllowEdit, F_AllowDelete, F_SortCode, F_DeleteMark, F_EnabledMark, F_Description, F_CreatorTime, F_CreatorUserId, F_LastModifyTime, F_LastModifyUserId, F_DeleteTime, F_DeleteUserId) values ('9ee4478e-dbb9-495f-8ed9-d32d0e88fd02', '824e1ef5-0dd3-465c-95bb-38f9db54a203', Null, Null, 'CNC班组', Null, '/TeamTask/CNCTeam/Index', 'iframe', 'True', 'False', 'False', 'False', 'False', 1, Null, 'True', Null, '2020/6/1 12:40:39', '9f2ec079-7d0f-4fe2-90ab-8b09a8302aba', Null, Null, Null, Null)
insert into Sys_Module(F_Id, F_ParentId, F_Layers, F_EnCode, F_FullName, F_Icon, F_UrlAddress, F_Target, F_IsMenu, F_IsExpand, F_IsPublic, F_AllowEdit, F_AllowDelete, F_SortCode, F_DeleteMark, F_EnabledMark, F_Description, F_CreatorTime, F_CreatorUserId, F_LastModifyTime, F_LastModifyUserId, F_DeleteTime, F_DeleteUserId) values ('47f88ee5-e87d-4852-a1eb-84eb5de8f995', '824e1ef5-0dd3-465c-95bb-38f9db54a203', Null, Null, 'WE班组', Null, '/TeamTask/WETeam/Index', 'iframe', 'True', 'False', 'False', 'False', 'False', 3, Null, 'True', Null, '2020/6/1 13:41:58', '9f2ec079-7d0f-4fe2-90ab-8b09a8302aba', Null, Null, Null, Null)
insert into Sys_Module(F_Id, F_ParentId, F_Layers, F_EnCode, F_FullName, F_Icon, F_UrlAddress, F_Target, F_IsMenu, F_IsExpand, F_IsPublic, F_AllowEdit, F_AllowDelete, F_SortCode, F_DeleteMark, F_EnabledMark, F_Description, F_CreatorTime, F_CreatorUserId, F_LastModifyTime, F_LastModifyUserId, F_DeleteTime, F_DeleteUserId) values ('7fdc2982-da5e-4bcf-acee-c8763a49057a', '824e1ef5-0dd3-465c-95bb-38f9db54a203', Null, Null, 'EDM班组', Null, '/TeamTask/EdmTeam/Index', 'iframe', 'True', 'False', 'False', 'False', 'False', 2, Null, 'True', Null, '2020/6/1 10:42:40', '9f2ec079-7d0f-4fe2-90ab-8b09a8302aba', '2020/6/2 13:04:37', '9f2ec079-7d0f-4fe2-90ab-8b09a8302aba', Null, Null)
insert into Sys_Module(F_Id, F_ParentId, F_Layers, F_EnCode, F_FullName, F_Icon, F_UrlAddress, F_Target, F_IsMenu, F_IsExpand, F_IsPublic, F_AllowEdit, F_AllowDelete, F_SortCode, F_DeleteMark, F_EnabledMark, F_Description, F_CreatorTime, F_CreatorUserId, F_LastModifyTime, F_LastModifyUserId, F_DeleteTime, F_DeleteUserId) values ('2d2ae345-42ff-4d02-aca0-bd63b5bab929', '0', Null, Null, '自动化线', 'fa fa-android', Null, 'expand', 'False', 'True', 'False', 'False', 'False', 17, Null, 'True', Null, '2020/6/4 15:09:40', '9f2ec079-7d0f-4fe2-90ab-8b09a8302aba', '2020/6/5 15:40:28', '9f2ec079-7d0f-4fe2-90ab-8b09a8302aba', Null, Null)
insert into Sys_Module(F_Id, F_ParentId, F_Layers, F_EnCode, F_FullName, F_Icon, F_UrlAddress, F_Target, F_IsMenu, F_IsExpand, F_IsPublic, F_AllowEdit, F_AllowDelete, F_SortCode, F_DeleteMark, F_EnabledMark, F_Description, F_CreatorTime, F_CreatorUserId, F_LastModifyTime, F_LastModifyUserId, F_DeleteTime, F_DeleteUserId) values ('102b8a83-5067-4323-a7be-cbac42a0e5c0', '2d2ae345-42ff-4d02-aca0-bd63b5bab929', Null, Null, '运行状态', Null, '/AutomationLine/RunningState/Index', 'iframe', 'True', 'False', 'False', 'False', 'False', 1, Null, 'True', Null, '2020/6/4 15:28:33', '9f2ec079-7d0f-4fe2-90ab-8b09a8302aba', '2020/6/4 15:28:57', '9f2ec079-7d0f-4fe2-90ab-8b09a8302aba', Null, Null)
insert into Sys_Module(F_Id, F_ParentId, F_Layers, F_EnCode, F_FullName, F_Icon, F_UrlAddress, F_Target, F_IsMenu, F_IsExpand, F_IsPublic, F_AllowEdit, F_AllowDelete, F_SortCode, F_DeleteMark, F_EnabledMark, F_Description, F_CreatorTime, F_CreatorUserId, F_LastModifyTime, F_LastModifyUserId, F_DeleteTime, F_DeleteUserId) values ('09d5ad8d-ebdb-4eba-a3e0-2df65bcba8fd', '2d2ae345-42ff-4d02-aca0-bd63b5bab929', Null, Null, '数据采集', Null, '/AutomationLine/DataAcquisition/Index', 'iframe', 'True', 'False', 'False', 'False', 'False', 3, Null, 'True', Null, '2020/6/9 9:30:13', '9f2ec079-7d0f-4fe2-90ab-8b09a8302aba', '2020/6/9 10:52:45', '9f2ec079-7d0f-4fe2-90ab-8b09a8302aba', Null, Null)
insert into Sys_Module(F_Id, F_ParentId, F_Layers, F_EnCode, F_FullName, F_Icon, F_UrlAddress, F_Target, F_IsMenu, F_IsExpand, F_IsPublic, F_AllowEdit, F_AllowDelete, F_SortCode, F_DeleteMark, F_EnabledMark, F_Description, F_CreatorTime, F_CreatorUserId, F_LastModifyTime, F_LastModifyUserId, F_DeleteTime, F_DeleteUserId) values ('ba066c87-090d-4802-8f90-c3d00b4d2e1b', '2d2ae345-42ff-4d02-aca0-bd63b5bab929', Null, Null, '视频监控', Null, Null, 'iframe', 'True', 'False', 'False', 'False', 'False', 2, Null, 'True', Null, '2020/6/8 9:04:54', '9f2ec079-7d0f-4fe2-90ab-8b09a8302aba', Null, Null, Null, Null)
insert into Sys_Module(F_Id, F_ParentId, F_Layers, F_EnCode, F_FullName, F_Icon, F_UrlAddress, F_Target, F_IsMenu, F_IsExpand, F_IsPublic, F_AllowEdit, F_AllowDelete, F_SortCode, F_DeleteMark, F_EnabledMark, F_Description, F_CreatorTime, F_CreatorUserId, F_LastModifyTime, F_LastModifyUserId, F_DeleteTime, F_DeleteUserId) values ('ea520850-c1a8-47dc-8944-9c216844dbcb', '0', Null, Null, '运营监控', 'fa fa-bar-chart', Null, 'expand', 'False', 'True', 'False', 'False', 'False', 6, Null, 'True', Null, '2020/6/5 15:41:27', '9f2ec079-7d0f-4fe2-90ab-8b09a8302aba', '2020/6/5 15:45:53', '9f2ec079-7d0f-4fe2-90ab-8b09a8302aba', Null, Null)
insert into Sys_Module(F_Id, F_ParentId, F_Layers, F_EnCode, F_FullName, F_Icon, F_UrlAddress, F_Target, F_IsMenu, F_IsExpand, F_IsPublic, F_AllowEdit, F_AllowDelete, F_SortCode, F_DeleteMark, F_EnabledMark, F_Description, F_CreatorTime, F_CreatorUserId, F_LastModifyTime, F_LastModifyUserId, F_DeleteTime, F_DeleteUserId) values ('5b67105d-518e-4129-9540-b2474c777c6d', '0', Null, Null, '项目工程', 'fa fa-television', Null, 'expand', 'False', 'True', 'False', 'False', 'False', 7, Null, 'True', Null, '2020/6/5 15:47:36', '9f2ec079-7d0f-4fe2-90ab-8b09a8302aba', '2020/6/5 15:52:42', '9f2ec079-7d0f-4fe2-90ab-8b09a8302aba', Null, Null)
insert into Sys_Module(F_Id, F_ParentId, F_Layers, F_EnCode, F_FullName, F_Icon, F_UrlAddress, F_Target, F_IsMenu, F_IsExpand, F_IsPublic, F_AllowEdit, F_AllowDelete, F_SortCode, F_DeleteMark, F_EnabledMark, F_Description, F_CreatorTime, F_CreatorUserId, F_LastModifyTime, F_LastModifyUserId, F_DeleteTime, F_DeleteUserId) values ('c9a46956-c5e3-4263-bd05-e9bd3e122f70', '0', Null, Null, '品质优化', 'fa fa-balance-scale', Null, 'expand', 'False', 'True', 'False', 'False', 'False', 11, Null, 'True', Null, '2020/6/5 16:05:43', '9f2ec079-7d0f-4fe2-90ab-8b09a8302aba', '2020/6/5 16:12:41', '9f2ec079-7d0f-4fe2-90ab-8b09a8302aba', Null, Null)
insert into Sys_Module(F_Id, F_ParentId, F_Layers, F_EnCode, F_FullName, F_Icon, F_UrlAddress, F_Target, F_IsMenu, F_IsExpand, F_IsPublic, F_AllowEdit, F_AllowDelete, F_SortCode, F_DeleteMark, F_EnabledMark, F_Description, F_CreatorTime, F_CreatorUserId, F_LastModifyTime, F_LastModifyUserId, F_DeleteTime, F_DeleteUserId) values ('c0b9d3d5-e47a-4583-81d5-ebb9ef79852c', '0', Null, Null, '成本分析', 'fa fa-rmb', Null, 'expand', 'False', 'True', 'False', 'False', 'False', 12, Null, 'True', Null, '2020/6/5 16:08:42', '9f2ec079-7d0f-4fe2-90ab-8b09a8302aba', '2020/6/5 16:10:13', '9f2ec079-7d0f-4fe2-90ab-8b09a8302aba', Null, Null)
insert into Sys_Module(F_Id, F_ParentId, F_Layers, F_EnCode, F_FullName, F_Icon, F_UrlAddress, F_Target, F_IsMenu, F_IsExpand, F_IsPublic, F_AllowEdit, F_AllowDelete, F_SortCode, F_DeleteMark, F_EnabledMark, F_Description, F_CreatorTime, F_CreatorUserId, F_LastModifyTime, F_LastModifyUserId, F_DeleteTime, F_DeleteUserId) values ('e7023ac6-4a1c-4f8e-ba24-36219852e5ba', '0', Null, Null, '仓储物流', 'fa fa-truck', Null, 'expand', 'False', 'True', 'False', 'False', 'False', 13, Null, 'True', Null, '2020/6/5 16:12:19', '9f2ec079-7d0f-4fe2-90ab-8b09a8302aba', '2020/6/5 16:14:58', '9f2ec079-7d0f-4fe2-90ab-8b09a8302aba', Null, Null)
insert into Sys_Module(F_Id, F_ParentId, F_Layers, F_EnCode, F_FullName, F_Icon, F_UrlAddress, F_Target, F_IsMenu, F_IsExpand, F_IsPublic, F_AllowEdit, F_AllowDelete, F_SortCode, F_DeleteMark, F_EnabledMark, F_Description, F_CreatorTime, F_CreatorUserId, F_LastModifyTime, F_LastModifyUserId, F_DeleteTime, F_DeleteUserId) values ('708a7762-4c95-4546-943e-4ae367dfd1e8', '0', Null, Null, '设备维护', 'fa fa-wrench', Null, 'expand', 'False', 'True', 'False', 'False', 'False', 14, Null, 'True', Null, '2020/6/5 16:20:48', '9f2ec079-7d0f-4fe2-90ab-8b09a8302aba', Null, Null, Null, Null)
insert into Sys_Module(F_Id, F_ParentId, F_Layers, F_EnCode, F_FullName, F_Icon, F_UrlAddress, F_Target, F_IsMenu, F_IsExpand, F_IsPublic, F_AllowEdit, F_AllowDelete, F_SortCode, F_DeleteMark, F_EnabledMark, F_Description, F_CreatorTime, F_CreatorUserId, F_LastModifyTime, F_LastModifyUserId, F_DeleteTime, F_DeleteUserId) values ('dd75dfc8-6a8a-4710-af45-09783102d3c9', '0', Null, Null, '员工绩效', 'fa fa-trophy', Null, 'expand', 'False', 'True', 'False', 'False', 'False', 15, Null, 'True', Null, '2020/6/5 16:26:51', '9f2ec079-7d0f-4fe2-90ab-8b09a8302aba', Null, Null, Null, Null)
insert into Sys_Module(F_Id, F_ParentId, F_Layers, F_EnCode, F_FullName, F_Icon, F_UrlAddress, F_Target, F_IsMenu, F_IsExpand, F_IsPublic, F_AllowEdit, F_AllowDelete, F_SortCode, F_DeleteMark, F_EnabledMark, F_Description, F_CreatorTime, F_CreatorUserId, F_LastModifyTime, F_LastModifyUserId, F_DeleteTime, F_DeleteUserId) values ('b4089188-f7f4-4fa2-bed7-28f5f6c7e103', '0', Null, Null, '智能决策', 'fa fa-gavel', Null, 'expand', 'False', 'True', 'False', 'False', 'False', 16, Null, 'True', Null, '2020/6/5 16:33:08', '9f2ec079-7d0f-4fe2-90ab-8b09a8302aba', Null, Null, Null, Null)
insert into Sys_Module(F_Id, F_ParentId, F_Layers, F_EnCode, F_FullName, F_Icon, F_UrlAddress, F_Target, F_IsMenu, F_IsExpand, F_IsPublic, F_AllowEdit, F_AllowDelete, F_SortCode, F_DeleteMark, F_EnabledMark, F_Description, F_CreatorTime, F_CreatorUserId, F_LastModifyTime, F_LastModifyUserId, F_DeleteTime, F_DeleteUserId) values ('c7cbf256-f8c5-4a07-b291-01cb612396c9', '0', Null, Null, '工艺排程', 'fa fa-calendar', Null, 'expand', 'False', 'True', 'False', 'False', 'False', 8, Null, 'True', Null, '2020/6/5 15:56:29', '9f2ec079-7d0f-4fe2-90ab-8b09a8302aba', Null, Null, Null, Null)
insert into Sys_Module(F_Id, F_ParentId, F_Layers, F_EnCode, F_FullName, F_Icon, F_UrlAddress, F_Target, F_IsMenu, F_IsExpand, F_IsPublic, F_AllowEdit, F_AllowDelete, F_SortCode, F_DeleteMark, F_EnabledMark, F_Description, F_CreatorTime, F_CreatorUserId, F_LastModifyTime, F_LastModifyUserId, F_DeleteTime, F_DeleteUserId) values ('52dd1989-4ff6-4e26-b5a0-9b7cb0644b0a', '0', Null, Null, '生产管理', 'fa fa-bullhorn', Null, 'expand', 'False', 'True', 'False', 'False', 'False', 9, Null, 'True', Null, '2020/6/5 15:58:45', '9f2ec079-7d0f-4fe2-90ab-8b09a8302aba', Null, Null, Null, Null)
insert into Sys_Module(F_Id, F_ParentId, F_Layers, F_EnCode, F_FullName, F_Icon, F_UrlAddress, F_Target, F_IsMenu, F_IsExpand, F_IsPublic, F_AllowEdit, F_AllowDelete, F_SortCode, F_DeleteMark, F_EnabledMark, F_Description, F_CreatorTime, F_CreatorUserId, F_LastModifyTime, F_LastModifyUserId, F_DeleteTime, F_DeleteUserId) values ('0f5597c5-2b94-4237-b0b4-ee7b7a32e45a', 'ea520850-c1a8-47dc-8944-9c216844dbcb', Null, Null, '经营概览', Null, '/OperationMonitoring/BusinessOverview/Index', 'iframe', 'True', 'False', 'False', 'False', 'False', 1, Null, 'True', Null, '2020/6/12 10:46:41', '9f2ec079-7d0f-4fe2-90ab-8b09a8302aba', '2020/6/12 10:57:56', '9f2ec079-7d0f-4fe2-90ab-8b09a8302aba', Null, Null)
insert into Sys_Module(F_Id, F_ParentId, F_Layers, F_EnCode, F_FullName, F_Icon, F_UrlAddress, F_Target, F_IsMenu, F_IsExpand, F_IsPublic, F_AllowEdit, F_AllowDelete, F_SortCode, F_DeleteMark, F_EnabledMark, F_Description, F_CreatorTime, F_CreatorUserId, F_LastModifyTime, F_LastModifyUserId, F_DeleteTime, F_DeleteUserId) values ('ccca25fe-eee4-44ae-942b-eb00002a7dd2', 'ea520850-c1a8-47dc-8944-9c216844dbcb', Null, Null, '工程主页', Null, '/OperationMonitoring/EngineeringHomepage/Index', 'iframe', 'True', 'False', 'False', 'False', 'False', 2, Null, 'True', Null, '2020/6/19 9:31:01', '9f2ec079-7d0f-4fe2-90ab-8b09a8302aba', '2020/6/19 9:41:53', '9f2ec079-7d0f-4fe2-90ab-8b09a8302aba', Null, Null)
insert into Sys_Module(F_Id, F_ParentId, F_Layers, F_EnCode, F_FullName, F_Icon, F_UrlAddress, F_Target, F_IsMenu, F_IsExpand, F_IsPublic, F_AllowEdit, F_AllowDelete, F_SortCode, F_DeleteMark, F_EnabledMark, F_Description, F_CreatorTime, F_CreatorUserId, F_LastModifyTime, F_LastModifyUserId, F_DeleteTime, F_DeleteUserId) values ('0a6a468b-4e19-4fbf-8ed8-15777d676cb7', '52dd1989-4ff6-4e26-b5a0-9b7cb0644b0a', Null, Null, '生管主页', Null, '/ProductionManage/ProductionManageHome/Index', 'iframe', 'True', 'False', 'False', 'False', 'False', 1, Null, 'True', Null, '2020/6/28 10:20:28', '9f2ec079-7d0f-4fe2-90ab-8b09a8302aba', Null, Null, Null, Null)
insert into Sys_Module(F_Id, F_ParentId, F_Layers, F_EnCode, F_FullName, F_Icon, F_UrlAddress, F_Target, F_IsMenu, F_IsExpand, F_IsPublic, F_AllowEdit, F_AllowDelete, F_SortCode, F_DeleteMark, F_EnabledMark, F_Description, F_CreatorTime, F_CreatorUserId, F_LastModifyTime, F_LastModifyUserId, F_DeleteTime, F_DeleteUserId) values ('c0d08460-5ee8-4b52-a404-78f458156d9c', 'c9a46956-c5e3-4263-bd05-e9bd3e122f70', Null, Null, '品质工程', Null, '/QualityOptimization/QualityEngineering/Index', 'iframe', 'True', 'False', 'False', 'False', 'False', 2, Null, 'True', Null, '2020/6/30 9:10:22', '9f2ec079-7d0f-4fe2-90ab-8b09a8302aba', Null, Null, Null, Null)


CREATE table Sys_TaskList  --班组:任务清单
(  
id int identity (1,1) primary key , 
Mold_No varchar(50)  NULL, --模具编号
Part_Number  varchar(50)  NULL,--零件编号
Process_Name varchar(50)  NULL,--工序名称
Planned_Equipment varchar(50)  NULL,--计划设备
Start_Time DATETIME, --开始时间
END_Time DATETIME, --结束时间
Latest_Start_Time DATETIME,--最晚开始时间
Working_Hours varchar(50)  NULL,--标准工时
Customer  varchar(50)  NULL,--客户
Mold_Kernel_Material varchar(50)  NULL,--模仁材质
Category varchar(50)  NULL,--类别
Team varchar(50)  NULL,  --班组
Colour varchar(50)  NULL,  --灯的颜色
IsEffective int DEFAULT 1 -- 0 无效 1 有效 1显示
)  
INSERT INTO [NFineBase].[dbo].[Sys_TaskList]([Mold_No] ,[Part_Number] ,[Planned_Equipment] ,[Start_Time] ,[END_Time] ,[Latest_Start_Time]
,[Working_Hours] ,[Customer] ,[Mold_Kernel_Material] ,[Category] ,[Team] ,[Colour])
VALUES ('IK19001' ,'F01' ,'GF01' ,GETDATE() ,GETDATE() ,GETDATE() ,2 ,'INNER' ,8407 ,2 ,'EDM' ,'#006600')
INSERT INTO [NFineBase].[dbo].[Sys_TaskList]([Mold_No] ,[Part_Number] ,[Planned_Equipment] ,[Start_Time] ,[END_Time] ,[Latest_Start_Time]
,[Working_Hours] ,[Customer] ,[Mold_Kernel_Material] ,[Category] ,[Team] ,[Colour])
VALUES ('IK19002' ,'S01' ,'GF03' ,GETDATE() ,GETDATE() ,GETDATE() ,5 ,'INNER' ,8407 ,2 ,'EDM' ,'#CCFF00')
INSERT INTO [NFineBase].[dbo].[Sys_TaskList]([Mold_No] ,[Part_Number] ,[Planned_Equipment] ,[Start_Time] ,[END_Time] ,[Latest_Start_Time]
,[Working_Hours] ,[Customer] ,[Mold_Kernel_Material] ,[Category] ,[Team] ,[Colour])
VALUES ('IK19003' ,'X92' ,'GF04' ,GETDATE() ,GETDATE() ,GETDATE() ,4 ,'INNER' ,8407 ,2 ,'EDM' ,'#CCFF00')
INSERT INTO [NFineBase].[dbo].[Sys_TaskList]([Mold_No] ,[Part_Number] ,[Planned_Equipment] ,[Start_Time] ,[END_Time] ,[Latest_Start_Time]
,[Working_Hours] ,[Customer] ,[Mold_Kernel_Material] ,[Category] ,[Team] ,[Colour])
VALUES ('IK19004' ,'M01' ,'GF02' ,GETDATE() ,GETDATE() ,GETDATE() ,2 ,'INNER' ,8407 ,2 ,'EDM' ,'#CC0000')

INSERT INTO [NFineBase].[dbo].[Sys_TaskList]([Mold_No] ,[Part_Number] ,[Planned_Equipment] ,[Start_Time] ,[END_Time] ,[Latest_Start_Time]
,[Working_Hours] ,[Customer] ,[Mold_Kernel_Material] ,[Category] ,[Team] ,[Colour])
VALUES ('IK19001' ,'F01' ,'GF01' ,GETDATE() ,GETDATE() ,GETDATE() ,2 ,'INNER' ,8407 ,2 ,'CNC' ,'#006600')
INSERT INTO [NFineBase].[dbo].[Sys_TaskList]([Mold_No] ,[Part_Number] ,[Planned_Equipment] ,[Start_Time] ,[END_Time] ,[Latest_Start_Time]
,[Working_Hours] ,[Customer] ,[Mold_Kernel_Material] ,[Category] ,[Team] ,[Colour])
VALUES ('IK19002' ,'S01' ,'GF03' ,GETDATE() ,GETDATE() ,GETDATE() ,5 ,'INNER' ,8407 ,2 ,'CNC' ,'#CCFF00')
INSERT INTO [NFineBase].[dbo].[Sys_TaskList]([Mold_No] ,[Part_Number] ,[Planned_Equipment] ,[Start_Time] ,[END_Time] ,[Latest_Start_Time]
,[Working_Hours] ,[Customer] ,[Mold_Kernel_Material] ,[Category] ,[Team] ,[Colour])
VALUES ('IK19003' ,'X92' ,'GF04' ,GETDATE() ,GETDATE() ,GETDATE() ,4 ,'INNER' ,8407 ,2 ,'CNC' ,'#CCFF00')
INSERT INTO [NFineBase].[dbo].[Sys_TaskList]([Mold_No] ,[Part_Number] ,[Planned_Equipment] ,[Start_Time] ,[END_Time] ,[Latest_Start_Time]
,[Working_Hours] ,[Customer] ,[Mold_Kernel_Material] ,[Category] ,[Team] ,[Colour])
VALUES ('IK19004' ,'M01' ,'GF02' ,GETDATE() ,GETDATE() ,GETDATE() ,2 ,'INNER' ,8407 ,2 ,'CNC' ,'#CC0000')

INSERT INTO [NFineBase].[dbo].[Sys_TaskList]([Mold_No] ,[Part_Number] ,[Planned_Equipment] ,[Start_Time] ,[END_Time] ,[Latest_Start_Time]
,[Working_Hours] ,[Customer] ,[Mold_Kernel_Material] ,[Category] ,[Team] ,[Colour])
VALUES ('IK19001' ,'F01' ,'GF01' ,GETDATE() ,GETDATE() ,GETDATE() ,2 ,'INNER' ,8407 ,2 ,'WE' ,'#006600')
INSERT INTO [NFineBase].[dbo].[Sys_TaskList]([Mold_No] ,[Part_Number] ,[Planned_Equipment] ,[Start_Time] ,[END_Time] ,[Latest_Start_Time]
,[Working_Hours] ,[Customer] ,[Mold_Kernel_Material] ,[Category] ,[Team] ,[Colour])
VALUES ('IK19002' ,'S01' ,'GF03' ,GETDATE() ,GETDATE() ,GETDATE() ,5 ,'INNER' ,8407 ,2 ,'WE' ,'#CCFF00')
INSERT INTO [NFineBase].[dbo].[Sys_TaskList]([Mold_No] ,[Part_Number] ,[Planned_Equipment] ,[Start_Time] ,[END_Time] ,[Latest_Start_Time]
,[Working_Hours] ,[Customer] ,[Mold_Kernel_Material] ,[Category] ,[Team] ,[Colour])
VALUES ('IK19003' ,'X92' ,'GF04' ,GETDATE() ,GETDATE() ,GETDATE() ,4 ,'INNER' ,8407 ,2 ,'WE' ,'#CCFF00')
INSERT INTO [NFineBase].[dbo].[Sys_TaskList]([Mold_No] ,[Part_Number] ,[Planned_Equipment] ,[Start_Time] ,[END_Time] ,[Latest_Start_Time]
,[Working_Hours] ,[Customer] ,[Mold_Kernel_Material] ,[Category] ,[Team] ,[Colour])
VALUES ('IK19004' ,'M01' ,'GF02' ,GETDATE() ,GETDATE() ,GETDATE() ,2 ,'INNER' ,8407 ,2 ,'WE' ,'#CC0000')
CREATE table Sys_EquipmentList  --班组:设备清单
(  
id int identity (1,1) primary KEY,
Equipment_Name varchar(50)  NULL,--设备名
Equipment_Url varchar(200)  NULL,--设备Url
Workpieces_Name varchar(50)  NULL,--加工件名
Workpieces_Url varchar(200)  NULL, --加工件Url
Yield  varchar(10)  NULL, --今日产量
Jiadong FLOAT  NULL, --稼动率
Team varchar(50)  NULL,  --班组
Colour varchar(50)  NULL,  --灯的颜色
CreationTime DATETIME not null default getdate(),--创建时间
IsEffective int DEFAULT 1 -- 0 无效 1 有效 1显示
)
INSERT INTO [dbo].[Sys_EquipmentList]([Equipment_Name],[Equipment_Url],[Workpieces_Name],[Workpieces_Url],[Yield],[Jiadong],[Team],[Colour])
VALUES('GF01','/Content/img/product/edm/GF01a.png','','/Content/img/product/edm/GF01a.png','6','0.83','EDM' ,'#CC0000')
INSERT INTO [dbo].[Sys_EquipmentList]([Equipment_Name],[Equipment_Url],[Workpieces_Name],[Workpieces_Url],[Yield],[Jiadong],[Team],[Colour])
VALUES('GF02','/Content/img/product/edm/GF01a.png','','/Content/img/product/edm/GF01b.png','3','0.90','EDM' ,'#CCFF00')
INSERT INTO [dbo].[Sys_EquipmentList]([Equipment_Name],[Equipment_Url],[Workpieces_Name],[Workpieces_Url],[Yield],[Jiadong],[Team],[Colour])
VALUES('GF01','/Content/img/product/edm/GF01a.png','','/Content/img/product/edm/GF01a.png','6','0.83','EDM' ,'#00CC99')
INSERT INTO [dbo].[Sys_EquipmentList]([Equipment_Name],[Equipment_Url],[Workpieces_Name],[Workpieces_Url],[Yield],[Jiadong],[Team],[Colour])
VALUES('GF02','/Content/img/product/edm/GF01a.png','','/Content/img/product/edm/GF01b.png','3','0.90','EDM' ,'#00CC99')

INSERT INTO [dbo].[Sys_EquipmentList]([Equipment_Name],[Equipment_Url],[Workpieces_Name],[Workpieces_Url],[Yield],[Jiadong],[Team],[Colour])
VALUES('GF01','/Content/img/product/cnc/GF01a.png','','/Content/img/product/cnc/GF01b.png','6','0.83','CNC' ,'#00CC99')
INSERT INTO [dbo].[Sys_EquipmentList]([Equipment_Name],[Equipment_Url],[Workpieces_Name],[Workpieces_Url],[Yield],[Jiadong],[Team],[Colour])
VALUES('GF02','/Content/img/product/cnc/GF02a.png','','/Content/img/product/cnc/GF02b.png','3','0.90','CNC' ,'#00CC99')
INSERT INTO [dbo].[Sys_EquipmentList]([Equipment_Name],[Equipment_Url],[Workpieces_Name],[Workpieces_Url],[Yield],[Jiadong],[Team],[Colour])
VALUES('GF03','/Content/img/product/cnc/GF03a.png','','/Content/img/product/cnc/GF03b.png','2','0.95','CNC' ,'#00CC99')
INSERT INTO [dbo].[Sys_EquipmentList]([Equipment_Name],[Equipment_Url],[Workpieces_Name],[Workpieces_Url],[Yield],[Jiadong],[Team],[Colour])
VALUES('GF04','/Content/img/product/cnc/GF04a.png','','/Content/img/product/cnc/GF04b.png','3','0.89','CNC' ,'#C4C400')
INSERT INTO [dbo].[Sys_EquipmentList]([Equipment_Name],[Equipment_Url],[Workpieces_Name],[Workpieces_Url],[Yield],[Jiadong],[Team],[Colour])
VALUES('GF05','/Content/img/product/cnc/GF05a.png','','/Content/img/product/cnc/GF05b.png','6','0.85','CNC' ,'#C4C400')
INSERT INTO [dbo].[Sys_EquipmentList]([Equipment_Name],[Equipment_Url],[Workpieces_Name],[Workpieces_Url],[Yield],[Jiadong],[Team],[Colour])
VALUES('GF06','/Content/img/product/cnc/GF06a.png','','/Content/img/product/cnc/GF06b.png','4','0.95','CNC' ,'#FF5809')

INSERT INTO [dbo].[Sys_EquipmentList]([Equipment_Name],[Equipment_Url],[Workpieces_Name],[Workpieces_Url],[Yield],[Jiadong],[Team],[Colour])
VALUES('GF01','/Content/img/product/we/GF01a.png','','/Content/img/product/we/GF01b.png','6','0.83','WE' ,'#019858')
INSERT INTO [dbo].[Sys_EquipmentList]([Equipment_Name],[Equipment_Url],[Workpieces_Name],[Workpieces_Url],[Yield],[Jiadong],[Team],[Colour])
VALUES('GF02','/Content/img/product/we/GF02a.png','','/Content/img/product/we/GF02b.png','3','0.90','WE' ,'#019858')
INSERT INTO [dbo].[Sys_EquipmentList]([Equipment_Name],[Equipment_Url],[Workpieces_Name],[Workpieces_Url],[Yield],[Jiadong],[Team],[Colour])
VALUES('GF03','/Content/img/product/we/GF03a.png','','/Content/img/product/we/GF03b.png','2','0.95','WE' ,'#019858')
INSERT INTO [dbo].[Sys_EquipmentList]([Equipment_Name],[Equipment_Url],[Workpieces_Name],[Workpieces_Url],[Yield],[Jiadong],[Team],[Colour])
VALUES('GF04','/Content/img/product/we/GF04a.png','','/Content/img/product/we/GF04b.png','3','0.89','WE' ,'#C4C400')
INSERT INTO [dbo].[Sys_EquipmentList]([Equipment_Name],[Equipment_Url],[Workpieces_Name],[Workpieces_Url],[Yield],[Jiadong],[Team],[Colour])
VALUES('GF05','/Content/img/product/we/GF05a.png','','/Content/img/product/we/GF05b.png','6','0.85','WE' ,'#C4C400')
INSERT INTO [dbo].[Sys_EquipmentList]([Equipment_Name],[Equipment_Url],[Workpieces_Name],[Workpieces_Url],[Yield],[Jiadong],[Team],[Colour])
VALUES('GF06','/Content/img/product/we/GF06a.png','','/Content/img/product/we/GF06b.png','4','0.95','WE' ,'#FF5809')
CREATE TABLE Sys_CapacityLoad --班组:产能/负荷
(
	id int identity (1,1) primary KEY,
	Task_Type varchar(50)  NULL,--类别：产能/负荷
	Device_Name varchar(50)  NULL,--设备名(展示的时候，产能/负荷的设备名保持一致)
	Device_Number int,--设备数量
	Team varchar(50)  NULL,  --班组
	Colour varchar(50)  NULL,  --颜色
	CreationTime DATETIME not null default getdate(),--创建时间
	IsEffective int DEFAULT 1 -- 0 无效 1 有效 1显示
)
INSERT INTO [dbo].[Sys_CapacityLoad] ([Task_Type] ,[Device_Name] ,[Device_Number] ,[Team] ,[Colour])VALUES ('产能','GF01',88,'EDM','#01B468')
INSERT INTO [dbo].[Sys_CapacityLoad] ([Task_Type] ,[Device_Name] ,[Device_Number] ,[Team] ,[Colour])VALUES ('产能','GF02',66,'EDM','#01B468')
INSERT INTO [dbo].[Sys_CapacityLoad] ([Task_Type] ,[Device_Name] ,[Device_Number] ,[Team] ,[Colour])VALUES ('产能','GF03',66,'EDM','#01B468')
INSERT INTO [dbo].[Sys_CapacityLoad] ([Task_Type] ,[Device_Name] ,[Device_Number] ,[Team] ,[Colour])VALUES ('产能','GF04',66,'EDM','#01B468')
INSERT INTO [dbo].[Sys_CapacityLoad] ([Task_Type] ,[Device_Name] ,[Device_Number] ,[Team] ,[Colour])VALUES ('产能','GF05',66,'EDM','#01B468')
INSERT INTO [dbo].[Sys_CapacityLoad] ([Task_Type] ,[Device_Name] ,[Device_Number] ,[Team] ,[Colour])VALUES ('产能','GF06',32,'EDM','#01B468')
INSERT INTO [dbo].[Sys_CapacityLoad] ([Task_Type] ,[Device_Name] ,[Device_Number] ,[Team] ,[Colour])VALUES ('负荷','GF01',100,'EDM','#F9F900')
INSERT INTO [dbo].[Sys_CapacityLoad] ([Task_Type] ,[Device_Name] ,[Device_Number] ,[Team] ,[Colour])VALUES ('负荷','GF02',120,'EDM','#FF2D2D')
INSERT INTO [dbo].[Sys_CapacityLoad] ([Task_Type] ,[Device_Name] ,[Device_Number] ,[Team] ,[Colour])VALUES ('负荷','GF03',78,'EDM','#F9F900')
INSERT INTO [dbo].[Sys_CapacityLoad] ([Task_Type] ,[Device_Name] ,[Device_Number] ,[Team] ,[Colour])VALUES ('负荷','GF04',325,'EDM','#FF2D2D')
INSERT INTO [dbo].[Sys_CapacityLoad] ([Task_Type] ,[Device_Name] ,[Device_Number] ,[Team] ,[Colour])VALUES ('负荷','GF05',221,'EDM','#FF2D2D')
INSERT INTO [dbo].[Sys_CapacityLoad] ([Task_Type] ,[Device_Name] ,[Device_Number] ,[Team] ,[Colour])VALUES ('负荷','GF06',23,'EDM','#F9F900')

INSERT INTO [dbo].[Sys_CapacityLoad] ([Task_Type] ,[Device_Name] ,[Device_Number] ,[Team] ,[Colour])VALUES ('产能','GF01',100,'CNC','#01B468')
INSERT INTO [dbo].[Sys_CapacityLoad] ([Task_Type] ,[Device_Name] ,[Device_Number] ,[Team] ,[Colour])VALUES ('产能','GF02',120,'CNC','#01B468')
INSERT INTO [dbo].[Sys_CapacityLoad] ([Task_Type] ,[Device_Name] ,[Device_Number] ,[Team] ,[Colour])VALUES ('产能','GF03',95,'CNC','#01B468')
INSERT INTO [dbo].[Sys_CapacityLoad] ([Task_Type] ,[Device_Name] ,[Device_Number] ,[Team] ,[Colour])VALUES ('产能','GF04',89,'CNC','#01B468')
INSERT INTO [dbo].[Sys_CapacityLoad] ([Task_Type] ,[Device_Name] ,[Device_Number] ,[Team] ,[Colour])VALUES ('产能','GF05',100,'CNC','#01B468')
INSERT INTO [dbo].[Sys_CapacityLoad] ([Task_Type] ,[Device_Name] ,[Device_Number] ,[Team] ,[Colour])VALUES ('产能','GF06',110,'CNC','#01B468')
INSERT INTO [dbo].[Sys_CapacityLoad] ([Task_Type] ,[Device_Name] ,[Device_Number] ,[Team] ,[Colour])VALUES ('负荷','GF01',130,'CNC','#F9F900')
INSERT INTO [dbo].[Sys_CapacityLoad] ([Task_Type] ,[Device_Name] ,[Device_Number] ,[Team] ,[Colour])VALUES ('负荷','GF02',140,'CNC','#FF2D2D')
INSERT INTO [dbo].[Sys_CapacityLoad] ([Task_Type] ,[Device_Name] ,[Device_Number] ,[Team] ,[Colour])VALUES ('负荷','GF03',95,'CNC','#F9F900')
INSERT INTO [dbo].[Sys_CapacityLoad] ([Task_Type] ,[Device_Name] ,[Device_Number] ,[Team] ,[Colour])VALUES ('负荷','GF04',150,'CNC','#FF2D2D')
INSERT INTO [dbo].[Sys_CapacityLoad] ([Task_Type] ,[Device_Name] ,[Device_Number] ,[Team] ,[Colour])VALUES ('负荷','GF05',130,'CNC','#FF2D2D')
INSERT INTO [dbo].[Sys_CapacityLoad] ([Task_Type] ,[Device_Name] ,[Device_Number] ,[Team] ,[Colour])VALUES ('负荷','GF06',50,'CNC','#F9F900')

INSERT INTO [dbo].[Sys_CapacityLoad] ([Task_Type] ,[Device_Name] ,[Device_Number] ,[Team] ,[Colour])VALUES ('产能','GF01',95,'WE','#01B468')
INSERT INTO [dbo].[Sys_CapacityLoad] ([Task_Type] ,[Device_Name] ,[Device_Number] ,[Team] ,[Colour])VALUES ('产能','GF02',96,'WE','#01B468')
INSERT INTO [dbo].[Sys_CapacityLoad] ([Task_Type] ,[Device_Name] ,[Device_Number] ,[Team] ,[Colour])VALUES ('产能','GF03',94,'WE','#01B468')
INSERT INTO [dbo].[Sys_CapacityLoad] ([Task_Type] ,[Device_Name] ,[Device_Number] ,[Team] ,[Colour])VALUES ('产能','GF04',92,'WE','#01B468')
INSERT INTO [dbo].[Sys_CapacityLoad] ([Task_Type] ,[Device_Name] ,[Device_Number] ,[Team] ,[Colour])VALUES ('产能','GF05',89,'WE','#01B468')
INSERT INTO [dbo].[Sys_CapacityLoad] ([Task_Type] ,[Device_Name] ,[Device_Number] ,[Team] ,[Colour])VALUES ('产能','GF06',89,'WE','#01B468')
INSERT INTO [dbo].[Sys_CapacityLoad] ([Task_Type] ,[Device_Name] ,[Device_Number] ,[Team] ,[Colour])VALUES ('负荷','GF01',86,'WE','#F9F900')
INSERT INTO [dbo].[Sys_CapacityLoad] ([Task_Type] ,[Device_Name] ,[Device_Number] ,[Team] ,[Colour])VALUES ('负荷','GF02',87,'WE','#FF2D2D')
INSERT INTO [dbo].[Sys_CapacityLoad] ([Task_Type] ,[Device_Name] ,[Device_Number] ,[Team] ,[Colour])VALUES ('负荷','GF03',95,'WE','#F9F900')
INSERT INTO [dbo].[Sys_CapacityLoad] ([Task_Type] ,[Device_Name] ,[Device_Number] ,[Team] ,[Colour])VALUES ('负荷','GF04',100,'WE','#FF2D2D')
INSERT INTO [dbo].[Sys_CapacityLoad] ([Task_Type] ,[Device_Name] ,[Device_Number] ,[Team] ,[Colour])VALUES ('负荷','GF05',50,'WE','#FF2D2D')
INSERT INTO [dbo].[Sys_CapacityLoad] ([Task_Type] ,[Device_Name] ,[Device_Number] ,[Team] ,[Colour])VALUES ('负荷','GF06',90,'WE','#F9F900')
CREATE TABLE Sys_Trend --班组:稼动率趋势
(
	id int identity (1,1) primary KEY,
	Month_Day varchar(20)  NULL, --日期
	Device_Name varchar(50)  NULL,--设备名
	TrendRate FLOAT,--趋势数
	Team varchar(50)  NULL,  --班组
	CreationTime DATETIME not null default getdate(),--创建时间
	IsEffective int DEFAULT 1 -- 0 无效 1 有效 1显示
)
INSERT INTO [dbo].[Sys_Trend] ([Month_Day],[Device_Name],[TrendRate],[Team])VALUES ('2-28','GF01',95,'EDM')
INSERT INTO [dbo].[Sys_Trend] ([Month_Day],[Device_Name],[TrendRate],[Team])VALUES ('2-28','GF02',86.5,'EDM')
INSERT INTO [dbo].[Sys_Trend] ([Month_Day],[Device_Name],[TrendRate],[Team])VALUES ('2-28','GF03',24.1,'EDM')
INSERT INTO [dbo].[Sys_Trend] ([Month_Day],[Device_Name],[TrendRate],[Team])VALUES ('2-28','GF04',55.2,'EDM')
INSERT INTO [dbo].[Sys_Trend] ([Month_Day],[Device_Name],[TrendRate],[Team])VALUES ('2-29','GF01',95.8,'EDM')
INSERT INTO [dbo].[Sys_Trend] ([Month_Day],[Device_Name],[TrendRate],[Team])VALUES ('2-29','GF02',92.1,'EDM')
INSERT INTO [dbo].[Sys_Trend] ([Month_Day],[Device_Name],[TrendRate],[Team])VALUES ('2-29','GF03',67.2,'EDM')
INSERT INTO [dbo].[Sys_Trend] ([Month_Day],[Device_Name],[TrendRate],[Team])VALUES ('2-29','GF04',67.1,'EDM')
INSERT INTO [dbo].[Sys_Trend] ([Month_Day],[Device_Name],[TrendRate],[Team])VALUES ('3-1','GF01',94.2,'EDM')
INSERT INTO [dbo].[Sys_Trend] ([Month_Day],[Device_Name],[TrendRate],[Team])VALUES ('3-1','GF02',85.7,'EDM')
INSERT INTO [dbo].[Sys_Trend] ([Month_Day],[Device_Name],[TrendRate],[Team])VALUES ('3-1','GF03',79.5,'EDM')
INSERT INTO [dbo].[Sys_Trend] ([Month_Day],[Device_Name],[TrendRate],[Team])VALUES ('3-1','GF04',69.2,'EDM')
INSERT INTO [dbo].[Sys_Trend] ([Month_Day],[Device_Name],[TrendRate],[Team])VALUES ('3-2','GF01',93,'EDM')
INSERT INTO [dbo].[Sys_Trend] ([Month_Day],[Device_Name],[TrendRate],[Team])VALUES ('3-2','GF02',83.1,'EDM')
INSERT INTO [dbo].[Sys_Trend] ([Month_Day],[Device_Name],[TrendRate],[Team])VALUES ('3-2','GF03',84.6,'EDM')
INSERT INTO [dbo].[Sys_Trend] ([Month_Day],[Device_Name],[TrendRate],[Team])VALUES ('3-2','GF04',72.4,'EDM')
INSERT INTO [dbo].[Sys_Trend] ([Month_Day],[Device_Name],[TrendRate],[Team])VALUES ('3-3','GF01',92,'EDM')
INSERT INTO [dbo].[Sys_Trend] ([Month_Day],[Device_Name],[TrendRate],[Team])VALUES ('3-3','GF02',73.1,'EDM')
INSERT INTO [dbo].[Sys_Trend] ([Month_Day],[Device_Name],[TrendRate],[Team])VALUES ('3-3','GF03',65.2,'EDM')
INSERT INTO [dbo].[Sys_Trend] ([Month_Day],[Device_Name],[TrendRate],[Team])VALUES ('3-3','GF04',53.9,'EDM')
INSERT INTO [dbo].[Sys_Trend] ([Month_Day],[Device_Name],[TrendRate],[Team])VALUES ('3-5','GF01',91,'EDM')
INSERT INTO [dbo].[Sys_Trend] ([Month_Day],[Device_Name],[TrendRate],[Team])VALUES ('3-5','GF02',55.1,'EDM')
INSERT INTO [dbo].[Sys_Trend] ([Month_Day],[Device_Name],[TrendRate],[Team])VALUES ('3-5','GF03',82.5,'EDM')
INSERT INTO [dbo].[Sys_Trend] ([Month_Day],[Device_Name],[TrendRate],[Team])VALUES ('3-5','GF04',49.1,'EDM')

INSERT INTO [dbo].[Sys_Trend] ([Month_Day],[Device_Name],[TrendRate],[Team])VALUES ('2-28','GF01',88,'CNC')
INSERT INTO [dbo].[Sys_Trend] ([Month_Day],[Device_Name],[TrendRate],[Team])VALUES ('2-28','GF02',95,'CNC')
INSERT INTO [dbo].[Sys_Trend] ([Month_Day],[Device_Name],[TrendRate],[Team])VALUES ('2-28','GF03',86,'CNC')
INSERT INTO [dbo].[Sys_Trend] ([Month_Day],[Device_Name],[TrendRate],[Team])VALUES ('2-28','GF04',93,'CNC')
INSERT INTO [dbo].[Sys_Trend] ([Month_Day],[Device_Name],[TrendRate],[Team])VALUES ('2-29','GF01',89,'CNC')
INSERT INTO [dbo].[Sys_Trend] ([Month_Day],[Device_Name],[TrendRate],[Team])VALUES ('2-29','GF02',96,'CNC')
INSERT INTO [dbo].[Sys_Trend] ([Month_Day],[Device_Name],[TrendRate],[Team])VALUES ('2-29','GF03',92,'CNC')
INSERT INTO [dbo].[Sys_Trend] ([Month_Day],[Device_Name],[TrendRate],[Team])VALUES ('2-29','GF04',92,'CNC')
INSERT INTO [dbo].[Sys_Trend] ([Month_Day],[Device_Name],[TrendRate],[Team])VALUES ('3-1','GF01',85,'CNC')
INSERT INTO [dbo].[Sys_Trend] ([Month_Day],[Device_Name],[TrendRate],[Team])VALUES ('3-1','GF02',94,'CNC')
INSERT INTO [dbo].[Sys_Trend] ([Month_Day],[Device_Name],[TrendRate],[Team])VALUES ('3-1','GF03',84,'CNC')
INSERT INTO [dbo].[Sys_Trend] ([Month_Day],[Device_Name],[TrendRate],[Team])VALUES ('3-1','GF04',91,'CNC')
INSERT INTO [dbo].[Sys_Trend] ([Month_Day],[Device_Name],[TrendRate],[Team])VALUES ('3-2','GF01',86,'CNC')
INSERT INTO [dbo].[Sys_Trend] ([Month_Day],[Device_Name],[TrendRate],[Team])VALUES ('3-2','GF02',85,'CNC')
INSERT INTO [dbo].[Sys_Trend] ([Month_Day],[Device_Name],[TrendRate],[Team])VALUES ('3-2','GF03',88,'CNC')
INSERT INTO [dbo].[Sys_Trend] ([Month_Day],[Device_Name],[TrendRate],[Team])VALUES ('3-2','GF04',85,'CNC')
INSERT INTO [dbo].[Sys_Trend] ([Month_Day],[Device_Name],[TrendRate],[Team])VALUES ('3-3','GF01',87,'CNC')
INSERT INTO [dbo].[Sys_Trend] ([Month_Day],[Device_Name],[TrendRate],[Team])VALUES ('3-3','GF02',88,'CNC')
INSERT INTO [dbo].[Sys_Trend] ([Month_Day],[Device_Name],[TrendRate],[Team])VALUES ('3-3','GF03',89,'CNC')
INSERT INTO [dbo].[Sys_Trend] ([Month_Day],[Device_Name],[TrendRate],[Team])VALUES ('3-3','GF04',84,'CNC')
INSERT INTO [dbo].[Sys_Trend] ([Month_Day],[Device_Name],[TrendRate],[Team])VALUES ('3-5','GF01',89,'CNC')
INSERT INTO [dbo].[Sys_Trend] ([Month_Day],[Device_Name],[TrendRate],[Team])VALUES ('3-5','GF02',89,'CNC')
INSERT INTO [dbo].[Sys_Trend] ([Month_Day],[Device_Name],[TrendRate],[Team])VALUES ('3-5','GF03',85,'CNC')
INSERT INTO [dbo].[Sys_Trend] ([Month_Day],[Device_Name],[TrendRate],[Team])VALUES ('3-5','GF04',83,'CNC')

INSERT INTO [dbo].[Sys_Trend] ([Month_Day],[Device_Name],[TrendRate],[Team])VALUES ('2-28','GF01',86,'WE')
INSERT INTO [dbo].[Sys_Trend] ([Month_Day],[Device_Name],[TrendRate],[Team])VALUES ('2-28','GF02',85,'WE')
INSERT INTO [dbo].[Sys_Trend] ([Month_Day],[Device_Name],[TrendRate],[Team])VALUES ('2-28','GF03',88,'WE')
INSERT INTO [dbo].[Sys_Trend] ([Month_Day],[Device_Name],[TrendRate],[Team])VALUES ('2-28','GF04',85,'WE')
INSERT INTO [dbo].[Sys_Trend] ([Month_Day],[Device_Name],[TrendRate],[Team])VALUES ('3-1','GF01',87,'WE')
INSERT INTO [dbo].[Sys_Trend] ([Month_Day],[Device_Name],[TrendRate],[Team])VALUES ('3-1','GF02',88,'WE')
INSERT INTO [dbo].[Sys_Trend] ([Month_Day],[Device_Name],[TrendRate],[Team])VALUES ('3-1','GF03',88,'WE')
INSERT INTO [dbo].[Sys_Trend] ([Month_Day],[Device_Name],[TrendRate],[Team])VALUES ('3-1','GF04',84,'WE')
INSERT INTO [dbo].[Sys_Trend] ([Month_Day],[Device_Name],[TrendRate],[Team])VALUES ('3-2','GF01',89,'WE')
INSERT INTO [dbo].[Sys_Trend] ([Month_Day],[Device_Name],[TrendRate],[Team])VALUES ('3-2','GF02',89,'WE')
INSERT INTO [dbo].[Sys_Trend] ([Month_Day],[Device_Name],[TrendRate],[Team])VALUES ('3-2','GF03',89,'WE')
INSERT INTO [dbo].[Sys_Trend] ([Month_Day],[Device_Name],[TrendRate],[Team])VALUES ('3-2','GF04',83,'WE')
INSERT INTO [dbo].[Sys_Trend] ([Month_Day],[Device_Name],[TrendRate],[Team])VALUES ('3-3','GF01',96,'WE')
INSERT INTO [dbo].[Sys_Trend] ([Month_Day],[Device_Name],[TrendRate],[Team])VALUES ('3-3','GF02',89,'WE')
INSERT INTO [dbo].[Sys_Trend] ([Month_Day],[Device_Name],[TrendRate],[Team])VALUES ('3-3','GF03',85,'WE')
INSERT INTO [dbo].[Sys_Trend] ([Month_Day],[Device_Name],[TrendRate],[Team])VALUES ('3-3','GF04',93,'WE')
INSERT INTO [dbo].[Sys_Trend] ([Month_Day],[Device_Name],[TrendRate],[Team])VALUES ('3-4','GF01',94,'WE')
INSERT INTO [dbo].[Sys_Trend] ([Month_Day],[Device_Name],[TrendRate],[Team])VALUES ('3-4','GF02',85,'WE')
INSERT INTO [dbo].[Sys_Trend] ([Month_Day],[Device_Name],[TrendRate],[Team])VALUES ('3-4','GF03',87,'WE')
INSERT INTO [dbo].[Sys_Trend] ([Month_Day],[Device_Name],[TrendRate],[Team])VALUES ('3-4','GF04',92,'WE')
INSERT INTO [dbo].[Sys_Trend] ([Month_Day],[Device_Name],[TrendRate],[Team])VALUES ('3-5','GF01',84,'WE')
INSERT INTO [dbo].[Sys_Trend] ([Month_Day],[Device_Name],[TrendRate],[Team])VALUES ('3-5','GF02',91,'WE')
INSERT INTO [dbo].[Sys_Trend] ([Month_Day],[Device_Name],[TrendRate],[Team])VALUES ('3-5','GF03',89,'WE')
INSERT INTO [dbo].[Sys_Trend] ([Month_Day],[Device_Name],[TrendRate],[Team])VALUES ('3-5','GF04',91,'WE')
SELECT * FROM	[Sys_Trend]  ORDER BY Device_Name


CREATE table Sys_RunningState  --运行状态，一次展示1条数据。
(  
id int identity (1,1) primary key , 
Picture_Tip varchar(50)  NULL, --图片内容描述不展示
Picture_Url varchar(50)  NULL, --图片URL
Describe1 varchar(200)  NULL,--文本描述1
DescribeColor1 varchar(10)  NULL,--文本描述颜色1
Describe2 varchar(200)  NULL,--文本描述2
DescribeColor2 varchar(10)  NULL,--文本描述颜色2
Describe3 varchar(200)  NULL,--文本描述3
DescribeColor3 varchar(10)  NULL,--文本描述颜色3
Describe4 varchar(200)  NULL,--文本描述4
DescribeColor4 varchar(10)  NULL,--文本描述颜色4
Describe5 varchar(200)  NULL,--文本描述5
DescribeColor5 varchar(10)  NULL,--文本描述颜色5
Describe6 varchar(200)  NULL,--文本描述6
DescribeColor6 varchar(10)  NULL,--文本描述颜色6
CreationTime DATETIME not null default getdate(),--创建时间
IsEffective int DEFAULT 1 -- 0 无效 1 有效 1显示
)  
INSERT dbo.Sys_RunningState(Picture_Tip,Picture_Url,Describe1,DescribeColor1,Describe2,DescribeColor2,Describe3,DescribeColor3,Describe4,DescribeColor4 ,
          Describe5,DescribeColor5,Describe6,DescribeColor6)
VALUES  ( '测试显示','/Content/img/product/runningstate/01.png','CNC1号机<br>正在上料<br>IK-201-001-F1','#FF0000', 
          'CNC2号机<br>正在上料<br>IK-201-001-F1','#FFCC00','CNC3号机<br>正在加工<br>IK-201-001-F1','#33CC99',
          'CMM<br>IK-201-001-F2<br>检测合格','#33CC99','CMM<br>IK-201-001-F2<br>检测合格11','#6633FF', 
		  'CMM<br>IK-201-001-F2<br>检测合格22','#0000FF')
	

CREATE TABLE Sys_DataAcquisition --数据采集 一次展示4条数据。
(
	id int identity (1,1) primary KEY,
	DeviceName varchar(50)  NULL,--设备名
	DeviceRunStatus varchar(50) NULL,--设备运行状态
	DeviceUrl varchar(50)  NULL,  --设备Url
	DeviceLndicatorLight varchar(50)  NULL,  --设备指示灯(只有固定red/yellow/green三种颜色否则灯不亮)
	TodayOutput INT, --今日产量
	TodayJiadong FLOAT,--今日稼动率
	SpindleSpeed INT, --主轴转速
	FeedSpeed INT,--进给速度
	SpindleRatio INT, -- 主轴倍率
	FeedRatio INT, --进给倍率
	LoadRatio INT, --负载
	CreationTime DATETIME not null default getdate(),--创建时间
	IsEffective int DEFAULT 1 -- 0 无效 1 有效 1显示
)

INSERT INTO [dbo].[Sys_DataAcquisition]([DeviceName],[DeviceRunStatus],[DeviceUrl],[DeviceLndicatorLight],[TodayOutput],[TodayJiadong],[SpindleSpeed],[FeedSpeed],[SpindleRatio],[FeedRatio],[LoadRatio])
VALUES('CNC1发那科','运行中','/Content/img/product/collection/cnc1.png','green',10,48.3,9790,110,100,70,6)
INSERT INTO [dbo].[Sys_DataAcquisition]([DeviceName],[DeviceRunStatus],[DeviceUrl],[DeviceLndicatorLight],[TodayOutput],[TodayJiadong],[SpindleSpeed],[FeedSpeed],[SpindleRatio],[FeedRatio],[LoadRatio])
VALUES('CNC3米克朗P900','运行中','/Content/img/product/collection/cnc1.png','yellow',22,39.8,7800,1550,100,60,0)
INSERT INTO [dbo].[Sys_DataAcquisition]([DeviceName],[DeviceRunStatus],[DeviceUrl],[DeviceLndicatorLight],[TodayOutput],[TodayJiadong],[SpindleSpeed],[FeedSpeed],[SpindleRatio],[FeedRatio],[LoadRatio])
VALUES('CNC4米克朗P700','运行中','/Content/img/product/collection/cnc1.png','red',0,0.0,9750,1000,100,40,10)
INSERT INTO [dbo].[Sys_DataAcquisition]([DeviceName],[DeviceRunStatus],[DeviceUrl],[DeviceLndicatorLight],[TodayOutput],[TodayJiadong],[SpindleSpeed],[FeedSpeed],[SpindleRatio],[FeedRatio],[LoadRatio])
VALUES('CNC5发那科','运行中','/Content/img/product/collection/cnc1.png','green',10,48.3,9790,110,100,70,6)


CREATE TABLE Sys_TotalCycleCost --经营概览:周期总生产成本
(
	id int identity (1,1) primary KEY,
	Name varchar(50)  NULL,--物品
	Cost INT , --成本
	TotalCost FLOAT,--总成本(值保持一致，读取其中一个)
	PrType INT , --下拉框类型(一周:1、两周:2、三周:3、一个月:4、半年:5、一年:6)
	CreationTime DATETIME not null default getdate(),--创建时间
	IsEffective int DEFAULT 1 -- 0 无效 1 有效 1显示
)
INSERT dbo.Sys_TotalCycleCost(Name,Cost,TotalCost,PrType)VALUES  ('物料',27,266.36,1)
INSERT dbo.Sys_TotalCycleCost(Name,Cost,TotalCost,PrType)VALUES  ('外协',18,266.36,1)
INSERT dbo.Sys_TotalCycleCost(Name,Cost,TotalCost,PrType)VALUES  ('自制',53,266.36,1)
INSERT dbo.Sys_TotalCycleCost(Name,Cost,TotalCost,PrType)VALUES  ('异常',2,266.36,1)

INSERT dbo.Sys_TotalCycleCost(Name,Cost,TotalCost,PrType)VALUES  ('物料',25,100.36,2)
INSERT dbo.Sys_TotalCycleCost(Name,Cost,TotalCost,PrType)VALUES  ('外协',25,100.36,2)
INSERT dbo.Sys_TotalCycleCost(Name,Cost,TotalCost,PrType)VALUES  ('自制',25,100.36,2)
INSERT dbo.Sys_TotalCycleCost(Name,Cost,TotalCost,PrType)VALUES  ('异常',25,100.36,2)


CREATE TABLE Sys_CostByDepartment --经营概览:自制成本按部门分类
(
	id int identity (1,1) primary KEY,
	Name varchar(50)  NULL,--物品
	Cost INT , --成本
	PrType INT , --下拉框类型(一周:1、两周:2、三周:3、一个月:4、半年:5、一年:6)
	CreationTime DATETIME not null default getdate(),--创建时间
	IsEffective int DEFAULT 1 -- 0 无效 1 有效 1显示
)
INSERT dbo.Sys_CostByDepartment(Name,Cost,PrType)VALUES  ('CNC',23,1)
INSERT dbo.Sys_CostByDepartment(Name,Cost,PrType)VALUES  ('EDM',26,1)
INSERT dbo.Sys_CostByDepartment(Name,Cost,PrType)VALUES  ('WEDM',17,1)
INSERT dbo.Sys_CostByDepartment(Name,Cost,PrType)VALUES  ('车铣磨抛',34,1)

INSERT dbo.Sys_CostByDepartment(Name,Cost,PrType)VALUES  ('CNC',25,2)
INSERT dbo.Sys_CostByDepartment(Name,Cost,PrType)VALUES  ('EDM',25,2)
INSERT dbo.Sys_CostByDepartment(Name,Cost,PrType)VALUES  ('WEDM',25,2)
INSERT dbo.Sys_CostByDepartment(Name,Cost,PrType)VALUES  ('车铣磨抛',25,2)

CREATE TABLE Sys_DeliveryCompletionRate --经营概览:交期达成率趋势
(
	id int identity (1,1) primary KEY,
	Month varchar(50)  NULL,--月
	DeliveryRate INT , --交付率
	CreationTime DATETIME not null default getdate(),--创建时间
	IsEffective int DEFAULT 1 -- 0 无效 1 有效 1显示
)

INSERT INTO Sys_DeliveryCompletionRate(Month,DeliveryRate)VALUES(1,80)
INSERT INTO Sys_DeliveryCompletionRate(Month,DeliveryRate)VALUES(2,76)
INSERT INTO Sys_DeliveryCompletionRate(Month,DeliveryRate)VALUES(3,86)
INSERT INTO Sys_DeliveryCompletionRate(Month,DeliveryRate)VALUES(4,96)
INSERT INTO Sys_DeliveryCompletionRate(Month,DeliveryRate)VALUES(5,92)
INSERT INTO Sys_DeliveryCompletionRate(Month,DeliveryRate)VALUES(6,99)
INSERT INTO Sys_DeliveryCompletionRate(Month,DeliveryRate)VALUES(7,88)
INSERT INTO Sys_DeliveryCompletionRate(Month,DeliveryRate)VALUES(8,90)
INSERT INTO Sys_DeliveryCompletionRate(Month,DeliveryRate)VALUES(9,95)
INSERT INTO Sys_DeliveryCompletionRate(Month,DeliveryRate)VALUES(10,80)
INSERT INTO Sys_DeliveryCompletionRate(Month,DeliveryRate)VALUES(11,95)
INSERT INTO Sys_DeliveryCompletionRate(Month,DeliveryRate)VALUES(12,88)

CREATE table Sys_MoldMakingProgress  --经营概览:制模具进度
(  
id int identity (1,1) primary key , 
MoldNo varchar(50)  NULL, --模具编号
MoldTest  varchar(50)  NULL,--试模
Type varchar(50)  NULL,--类型
State varchar(50)  NULL,--状态
ProductName varchar(50)  NULL,--产品名称
PlannedDeliveryDate DATE, --计划交期
EarlyWarning INT,--预警
EarlyWarningColor VARCHAR(10),--预警颜色
IsEffective int DEFAULT 1 -- 0 无效 1 有效 1显示
) 

INSERT INTO dbo.Sys_MoldMakingProgress(MoldNo,MoldTest,Type,State,ProductName,PlannedDeliveryDate,EarlyWarning,EarlyWarningColor)VALUES  ( 'IK19001','T0','新模','加工中','后盖',GETDATE(),20,'#009933')
INSERT INTO dbo.Sys_MoldMakingProgress(MoldNo,MoldTest,Type,State,ProductName,PlannedDeliveryDate,EarlyWarning,EarlyWarningColor)VALUES  ( 'IK19002','T1','修模','加工中','前盖',GETDATE(),40,'#990000')
INSERT INTO dbo.Sys_MoldMakingProgress(MoldNo,MoldTest,Type,State,ProductName,PlannedDeliveryDate,EarlyWarning,EarlyWarningColor)VALUES  ( 'IK19003','T2','新模','加工中','外壳',GETDATE(),60,'#FF0033')
INSERT INTO dbo.Sys_MoldMakingProgress(MoldNo,MoldTest,Type,State,ProductName,PlannedDeliveryDate,EarlyWarning,EarlyWarningColor)VALUES  ( 'IK19004','T3','修模','加工中','侧边',GETDATE(),80,'#CCFF33')
INSERT INTO dbo.Sys_MoldMakingProgress(MoldNo,MoldTest,Type,State,ProductName,PlannedDeliveryDate,EarlyWarning,EarlyWarningColor)VALUES  ( 'IK19005','T4','新模','加工中','边框',GETDATE(),100,'#FF00FF')
INSERT INTO dbo.Sys_MoldMakingProgress(MoldNo,MoldTest,Type,State,ProductName,PlannedDeliveryDate,EarlyWarning,EarlyWarningColor)VALUES  ( 'IK19006','T5','修模','加工中','后盖',GETDATE(),0,'#6600FF')
INSERT INTO dbo.Sys_MoldMakingProgress(MoldNo,MoldTest,Type,State,ProductName,PlannedDeliveryDate,EarlyWarning,EarlyWarningColor)VALUES  ( 'IK19007','T6','新模','加工中','前盖',GETDATE(),50,'#0033FF')

CREATE TABLE Sys_BOCapacityLoad --经营概览:产能/负载
(
	id int identity (1,1) primary KEY,
	DeviceType varchar(50)  NULL, --设备类型
	DeviceName varchar(50)  NULL,--设备名
	Number INT,--数据
	PrType INT, --下拉框类型(一周:1、两周:2、三周:3、一个月:4、半年:5、一年:6)
	CreationTime DATETIME not null default getdate(),--创建时间
	IsEffective int DEFAULT 1 -- 0 无效 1 有效 1显示
)

INSERT INTO dbo.Sys_BOCapacityLoad(DeviceType,DeviceName,Number,PrType)VALUES  ('CNC','产能',95,1)
INSERT INTO dbo.Sys_BOCapacityLoad(DeviceType,DeviceName,Number,PrType)VALUES  ('CNC','产能缺口',22,1)
INSERT INTO dbo.Sys_BOCapacityLoad(DeviceType,DeviceName,Number,PrType)VALUES  ('CNC','车铣刨磨',117,1)
INSERT INTO dbo.Sys_BOCapacityLoad(DeviceType,DeviceName,Number,PrType)VALUES  ('EDM','产能',88,1)
INSERT INTO dbo.Sys_BOCapacityLoad(DeviceType,DeviceName,Number,PrType)VALUES  ('EDM','产能缺口',50,1)
INSERT INTO dbo.Sys_BOCapacityLoad(DeviceType,DeviceName,Number,PrType)VALUES  ('EDM','车铣刨磨',138,1)
INSERT INTO dbo.Sys_BOCapacityLoad(DeviceType,DeviceName,Number,PrType)VALUES  ('WEDM','产能',50,1)
INSERT INTO dbo.Sys_BOCapacityLoad(DeviceType,DeviceName,Number,PrType)VALUES  ('WEDM','产能缺口',0,1)
INSERT INTO dbo.Sys_BOCapacityLoad(DeviceType,DeviceName,Number,PrType)VALUES  ('WEDM','车铣刨磨',30,1)
INSERT INTO dbo.Sys_BOCapacityLoad(DeviceType,DeviceName,Number,PrType)VALUES  ('磨床','产能',30,1)
INSERT INTO dbo.Sys_BOCapacityLoad(DeviceType,DeviceName,Number,PrType)VALUES  ('磨床','产能缺口',0,1)
INSERT INTO dbo.Sys_BOCapacityLoad(DeviceType,DeviceName,Number,PrType)VALUES  ('磨床','车铣刨磨',25,1)

INSERT INTO dbo.Sys_BOCapacityLoad(DeviceType,DeviceName,Number,PrType)VALUES  ('CNC','产能',10,2)
INSERT INTO dbo.Sys_BOCapacityLoad(DeviceType,DeviceName,Number,PrType)VALUES  ('CNC','产能缺口',20,2)
INSERT INTO dbo.Sys_BOCapacityLoad(DeviceType,DeviceName,Number,PrType)VALUES  ('CNC','车铣刨磨',30,2)
INSERT INTO dbo.Sys_BOCapacityLoad(DeviceType,DeviceName,Number,PrType)VALUES  ('EDM','产能',20,2)
INSERT INTO dbo.Sys_BOCapacityLoad(DeviceType,DeviceName,Number,PrType)VALUES  ('EDM','产能缺口',30,2)
INSERT INTO dbo.Sys_BOCapacityLoad(DeviceType,DeviceName,Number,PrType)VALUES  ('EDM','车铣刨磨',40,2)
INSERT INTO dbo.Sys_BOCapacityLoad(DeviceType,DeviceName,Number,PrType)VALUES  ('WEDM','产能',40,2)
INSERT INTO dbo.Sys_BOCapacityLoad(DeviceType,DeviceName,Number,PrType)VALUES  ('WEDM','产能缺口',50,2)
INSERT INTO dbo.Sys_BOCapacityLoad(DeviceType,DeviceName,Number,PrType)VALUES  ('WEDM','车铣刨磨',60,2)
INSERT INTO dbo.Sys_BOCapacityLoad(DeviceType,DeviceName,Number,PrType)VALUES  ('磨床','产能',80,2)
INSERT INTO dbo.Sys_BOCapacityLoad(DeviceType,DeviceName,Number,PrType)VALUES  ('磨床','产能缺口',90,2)
INSERT INTO dbo.Sys_BOCapacityLoad(DeviceType,DeviceName,Number,PrType)VALUES  ('磨床','车铣刨磨',1,2)

CREATE TABLE Sys_KeyCustomers --经营概览:主要客户
(
	id int identity (1,1) primary KEY,
	Name varchar(50)  NULL,--客户名称
	Number INT , --数量
	CreationTime DATETIME not null default getdate(),--创建时间
	IsEffective int DEFAULT 1 -- 0 无效 1 有效 1显示
)
INSERT dbo.Sys_KeyCustomers(Name,Number)VALUES  ('TK',20)
INSERT dbo.Sys_KeyCustomers(Name,Number)VALUES  ('TP-Link',40) 
INSERT dbo.Sys_KeyCustomers(Name,Number)VALUES  ('LOGITEC',40)
INSERT dbo.Sys_KeyCustomers(Name,Number)VALUES  ('ThinkPad',55)
INSERT dbo.Sys_KeyCustomers(Name,Number)VALUES  ('YG',10)
INSERT dbo.Sys_KeyCustomers(Name,Number)VALUES  ('Apple',70)

CREATE TABLE Sys_UserEngineering --工程主页:员工工程表
(
	id int identity (1,1) primary KEY,
	Account varchar(50)  NULL,--关联Sys_User.F_Account
	CustomerAmount INT,--负责客户数量
	CustomerAmountColor VARCHAR(10),
    DeliveryCompletionRate INT,-- 交期达成率(月)
	DeliveryCompletionRateColor VARCHAR(10),
	OnTimeDeliveryMold INT,--按期交付模具(月)
	OnTimeDeliveryMoldColor VARCHAR(10),
	LateDeliveryMold INT,--延期交付模具(月)
	LateDeliveryMoldColor VARCHAR(10),
	MoldInProcess INT, --在制模具
	MoldInProcessColor VARCHAR(10),
	NormalProgress INT,--正常进度
	NormalProgressColor VARCHAR(10),
	ScheduleDelay INT,--进度延误
	ScheduleDelayColor VARCHAR(10),
	CreationTime DATETIME not null default getdate(),--创建时间
	IsEffective int DEFAULT 1 -- 0 无效 1 有效 1显示
)
INSERT INTO Sys_UserEngineering(Account,CustomerAmount,CustomerAmountColor,DeliveryCompletionRate,DeliveryCompletionRateColor,OnTimeDeliveryMold,OnTimeDeliveryMoldColor,LateDeliveryMold,LateDeliveryMoldColor,MoldInProcess,MoldInProcessColor,NormalProgress,NormalProgressColor,ScheduleDelay,ScheduleDelayColor)VALUES('admin',5,'#006600',89,'#006666',9,'#3300CC',2,'#CC0000',10,'#CCFFCC',7,'#FFFF00',3,'#FF66FF')

CREATE TABLE Sys_EHDeliveryCompletionRate --工程主页:交期达成率趋势
(
	id int identity (1,1) primary KEY,
	Month varchar(50)  NULL,--月
	DeliveryRate INT , --交付率
	CreationTime DATETIME not null default getdate(),--创建时间
	IsEffective int DEFAULT 1 -- 0 无效 1 有效 1显示
)
INSERT INTO Sys_EHDeliveryCompletionRate(Month,DeliveryRate)VALUES(1,80)
INSERT INTO Sys_EHDeliveryCompletionRate(Month,DeliveryRate)VALUES(2,76)
INSERT INTO Sys_EHDeliveryCompletionRate(Month,DeliveryRate)VALUES(3,86)
INSERT INTO Sys_EHDeliveryCompletionRate(Month,DeliveryRate)VALUES(4,96)
INSERT INTO Sys_EHDeliveryCompletionRate(Month,DeliveryRate)VALUES(5,92)
INSERT INTO Sys_EHDeliveryCompletionRate(Month,DeliveryRate)VALUES(6,99)
INSERT INTO Sys_EHDeliveryCompletionRate(Month,DeliveryRate)VALUES(7,88)
INSERT INTO Sys_EHDeliveryCompletionRate(Month,DeliveryRate)VALUES(8,90)
INSERT INTO Sys_EHDeliveryCompletionRate(Month,DeliveryRate)VALUES(9,95)
INSERT INTO Sys_EHDeliveryCompletionRate(Month,DeliveryRate)VALUES(10,80)
INSERT INTO Sys_EHDeliveryCompletionRate(Month,DeliveryRate)VALUES(11,95)
INSERT INTO Sys_EHDeliveryCompletionRate(Month,DeliveryRate)VALUES(12,88)

CREATE TABLE Sys_EHNumberMoldsDelivered --工程主页:上月交付模具数量
(
	id int identity (1,1) primary KEY,
	Type varchar(50)  NULL,--(按期/延期)
	Number INT , --数量
	CreationTime DATETIME not null default getdate(),--创建时间
	IsEffective int DEFAULT 1 -- 0 无效 1 有效 1显示
)
INSERT INTO Sys_EHNumberMoldsDelivered(Type,Number)VALUES('按期',80)
INSERT INTO Sys_EHNumberMoldsDelivered(Type,Number)VALUES('延期',20)

CREATE TABLE Sys_EHProductionSchedule --工程主页:生产进度
(
	id int identity (1,1) primary KEY,
	Name varchar(50)  NULL,--客户名称
	Number INT , --数量
	CreationTime DATETIME not null default getdate(),--创建时间
	IsEffective int DEFAULT 1 -- 0 无效 1 有效 1显示
)
INSERT dbo.Sys_EHProductionSchedule(Name,Number)VALUES  ('进度正常',70)
INSERT dbo.Sys_EHProductionSchedule(Name,Number)VALUES  ('已过交期',10) 
INSERT dbo.Sys_EHProductionSchedule(Name,Number)VALUES  ('生产延误',20)

CREATE TABLE Sys_EHDelayMoldList  --工程主页:延期模具列表
(
	id int identity (1,1) primary key , 
	MoldNo varchar(50)  NULL, --模具编号
	Customers  varchar(50)  NULL,--客户
	Type varchar(50)  NULL,--类型
	PlannedDeliveryDate DATE, --计划交期
	EarlyWarning INT,--预警
	EarlyWarningColor VARCHAR(10),--预警颜色
	IsEffective int DEFAULT 1 -- 0 无效 1 有效 1显示
)
INSERT INTO Sys_EHDelayMoldList(MoldNo,Customers,Type,PlannedDeliveryDate,EarlyWarning,EarlyWarningColor)VALUES('IK19001','TH','交期',GETDATE(),50,'#0033FF')
INSERT INTO Sys_EHDelayMoldList(MoldNo,Customers,Type,PlannedDeliveryDate,EarlyWarning,EarlyWarningColor)VALUES('IK19002','TK','生产',GETDATE(),10,'#FF00FF')
INSERT INTO Sys_EHDelayMoldList(MoldNo,Customers,Type,PlannedDeliveryDate,EarlyWarning,EarlyWarningColor)VALUES('IK19003','TH','生产',GETDATE(),60,'#6600FF')


CREATE TABLE Sys_CustomerList --客户清单
(
	Id int identity (1,1) primary KEY,  --主表Id
	ParentId INT,						--父级  0父节点 大于0对应ID 子节点
	EnCode VARCHAR(50),					--编码（自定义）
	FullName NVARCHAR(200),             --名称
	CreationTime DATETIME not null default getdate(),--创建时间
	IsEffective int DEFAULT 1 -- 0 无效 1 有效 1显示
)
CREATE TABLE Sys_CustomerListDetail --客户清单明细
(
	Id int identity (1,1) primary KEY,  --明细Id
	ListId INT,							--主表主键
	MoldName VARCHAR(50),				--模具名称
	MoldNo VARCHAR(50),					--模具编号
	TN VARCHAR(50),						--TN
	MoldType VARCHAR(50),				--类型
	MoldState  VARCHAR(50),				--状态
	Priority VARCHAR(50),				--优先级
	MoldDate DATE,						--试模日期
	MoldFactory VARCHAR(50),			--试模厂
	MoldMaterial VARCHAR(50),			--模仁材质
	Category VARCHAR(10),				--类别
	Colour varchar(50)  NULL,			--灯的颜色
	CreationTime DATETIME not null default getdate(),--创建时间
	IsEffective int DEFAULT 1			--0 无效 1 有效 1显示
)

INSERT INTO Sys_CustomerList(ParentId,EnCode,FullName)VALUES(0,'APPLE','客户APPLE')
INSERT INTO Sys_CustomerList(ParentId,EnCode,FullName)VALUES(1,'01','订单LD200301<br>订单名称:X968<br>接单日期:2020/03/01<br>订单状态:进行中')
INSERT INTO Sys_CustomerList(ParentId,EnCode,FullName)VALUES(1,'02','订单LD200302<br>订单名称:X968<br>接单日期:2020/03/01<br>订单状态:进行中')
INSERT INTO Sys_CustomerList(ParentId,EnCode,FullName)VALUES(0,'LOGITEC','客户LOGITEC')
INSERT INTO Sys_CustomerList(ParentId,EnCode,FullName)VALUES(5,'01','订单LD200301<br>订单名称:X968<br>接单日期:2020/03/01<br>订单状态:进行中')

INSERT INTO Sys_CustomerListDetail(ListId,MoldName,MoldNo,TN,MoldType,MoldState,Priority,MoldDate,MoldFactory,MoldMaterial,Category,Colour)VALUES(3,'DAIL_DACE','IK19001','T0','新模','加工中','A',GETDATE(),'INNER','8407','2','#CC0000')
INSERT INTO Sys_CustomerListDetail(ListId,MoldName,MoldNo,TN,MoldType,MoldState,Priority,MoldDate,MoldFactory,MoldMaterial,Category,Colour)VALUES(3,'DAIL_CLIP','IK19002','T1','修模','加工中','A',GETDATE(),'INNER','8407','2','#01B468')



CREATE TABLE Sys_PMHomeMoldProgress --生管主页:模具进度
(
	id int identity (1,1) primary KEY,
	ProgressStatus varchar(50)  NULL,--进度状态
	Cost INT , --成本
	Display varchar(50),--(值保持一致，读取其中一个)
	CreationTime DATETIME not null default getdate(),--创建时间
	IsEffective int DEFAULT 1 -- 0 无效 1 有效 1显示
)
INSERT dbo.Sys_PMHomeMoldProgress(ProgressStatus,Cost,Display)VALUES  ('进度正常',23,28)
INSERT dbo.Sys_PMHomeMoldProgress(ProgressStatus,Cost,Display)VALUES  ('进度延误',5,28)


CREATE table Sys_PMHomeDelayMold  --生管主页:延期模具
(  
id int identity (1,1) primary key , 
MoldNo varchar(50)  NULL, --模具编号
Edition varchar(50)  NULL,--版本
Type varchar(50)  NULL,--类型
PlannedDeliveryDate DATE, --计划交期
Progress INT,--进度
ProgressColor VARCHAR(10),--进度颜色
IsEffective int DEFAULT 1 -- 0 无效 1 有效 1显示
) 
INSERT INTO dbo.Sys_PMHomeDelayMold(MoldNo,Edition,Type,PlannedDeliveryDate,Progress,ProgressColor)VALUES  ( 'IK19001','T0','新模',GETDATE(),20,'#009933')
INSERT INTO dbo.Sys_PMHomeDelayMold(MoldNo,Edition,Type,PlannedDeliveryDate,Progress,ProgressColor)VALUES  ( 'IK19002','T1','修模',GETDATE(),40,'#0000FF')
INSERT INTO dbo.Sys_PMHomeDelayMold(MoldNo,Edition,Type,PlannedDeliveryDate,Progress,ProgressColor)VALUES  ( 'IK19003','T2','修模',GETDATE(),60,'#FF00FF')
INSERT INTO dbo.Sys_PMHomeDelayMold(MoldNo,Edition,Type,PlannedDeliveryDate,Progress,ProgressColor)VALUES  ( 'IK19004','T3','修模',GETDATE(),80,'#D80000')

CREATE TABLE Sys_PMHomeCapacityLoad --生管主页:产能/负载
(
	id int identity (1,1) primary KEY,
	DeviceType varchar(50)  NULL, --设备类型
	DeviceName varchar(50)  NULL,--设备名
	Number INT,--数据
	PrType INT, --下拉框类型(一周:1、两周:2、三周:3、一个月:4、半年:5、一年:6)
	Colour varchar(50)  NULL,  --颜色
	CreationTime DATETIME not null default getdate(),--创建时间
	IsEffective int DEFAULT 1 -- 0 无效 1 有效 1显示
)

INSERT INTO dbo.Sys_PMHomeCapacityLoad(DeviceType,DeviceName,Number,PrType,Colour)VALUES  ('CNC钢料A组','产能',88,1,'#01B468')
INSERT INTO dbo.Sys_PMHomeCapacityLoad(DeviceType,DeviceName,Number,PrType,Colour)VALUES  ('CNC钢料A组','负荷',100,1,'#F9F900')
INSERT INTO dbo.Sys_PMHomeCapacityLoad(DeviceType,DeviceName,Number,PrType,Colour)VALUES  ('CNC钢料B组','产能',66,1,'#FF2D2D')
INSERT INTO dbo.Sys_PMHomeCapacityLoad(DeviceType,DeviceName,Number,PrType,Colour)VALUES  ('CNC钢料B组','负荷',120,1,'#F9F900')
INSERT INTO dbo.Sys_PMHomeCapacityLoad(DeviceType,DeviceName,Number,PrType,Colour)VALUES  ('CNC电极组','产能',66,1,'#01B468')
INSERT INTO dbo.Sys_PMHomeCapacityLoad(DeviceType,DeviceName,Number,PrType,Colour)VALUES  ('CNC电极组','负荷',78,1,'#F9F900')
INSERT INTO dbo.Sys_PMHomeCapacityLoad(DeviceType,DeviceName,Number,PrType,Colour)VALUES  ('EDM放电A组','产能',66,1,'#F9F900')
INSERT INTO dbo.Sys_PMHomeCapacityLoad(DeviceType,DeviceName,Number,PrType,Colour)VALUES  ('EDM放电A组','负荷',325,1,'#F9F900')
INSERT INTO dbo.Sys_PMHomeCapacityLoad(DeviceType,DeviceName,Number,PrType,Colour)VALUES  ('EDM放电B组','产能',66,1,'#F9F900')
INSERT INTO dbo.Sys_PMHomeCapacityLoad(DeviceType,DeviceName,Number,PrType,Colour)VALUES  ('EDM放电B组','负荷',221,1,'#F9F900')
INSERT INTO dbo.Sys_PMHomeCapacityLoad(DeviceType,DeviceName,Number,PrType,Colour)VALUES  ('钳工A组','产能',32,1,'#F9F900')
INSERT INTO dbo.Sys_PMHomeCapacityLoad(DeviceType,DeviceName,Number,PrType,Colour)VALUES  ('钳工A组','负荷',23,1,'#F9F900')

INSERT INTO dbo.Sys_PMHomeCapacityLoad(DeviceType,DeviceName,Number,PrType,Colour)VALUES  ('CNC钢料A组','产能',11,2,'#F9F900')
INSERT INTO dbo.Sys_PMHomeCapacityLoad(DeviceType,DeviceName,Number,PrType,Colour)VALUES  ('CNC钢料A组','负荷',22,2,'#F9F900')
INSERT INTO dbo.Sys_PMHomeCapacityLoad(DeviceType,DeviceName,Number,PrType,Colour)VALUES  ('CNC钢料B组','产能',66,2,'#F9F900')
INSERT INTO dbo.Sys_PMHomeCapacityLoad(DeviceType,DeviceName,Number,PrType,Colour)VALUES  ('CNC钢料B组','负荷',120,2,'#F9F900')
INSERT INTO dbo.Sys_PMHomeCapacityLoad(DeviceType,DeviceName,Number,PrType,Colour)VALUES  ('CNC电极组','产能',66,2,'#F9F900')
INSERT INTO dbo.Sys_PMHomeCapacityLoad(DeviceType,DeviceName,Number,PrType,Colour)VALUES  ('CNC电极组','负荷',78,2,'#F9F900')
INSERT INTO dbo.Sys_PMHomeCapacityLoad(DeviceType,DeviceName,Number,PrType,Colour)VALUES  ('EDM放电A组','产能',66,2,'#F9F900')
INSERT INTO dbo.Sys_PMHomeCapacityLoad(DeviceType,DeviceName,Number,PrType,Colour)VALUES  ('EDM放电A组','负荷',111,2,'#F9F900')
INSERT INTO dbo.Sys_PMHomeCapacityLoad(DeviceType,DeviceName,Number,PrType,Colour)VALUES  ('EDM放电B组','产能',66,2,'#01B468')
INSERT INTO dbo.Sys_PMHomeCapacityLoad(DeviceType,DeviceName,Number,PrType,Colour)VALUES  ('EDM放电B组','负荷',221,2,'#01B468')
INSERT INTO dbo.Sys_PMHomeCapacityLoad(DeviceType,DeviceName,Number,PrType,Colour)VALUES  ('钳工A组','产能',32,2,'#01B468')
INSERT INTO dbo.Sys_PMHomeCapacityLoad(DeviceType,DeviceName,Number,PrType,Colour)VALUES  ('钳工A组','负荷',89,2,'#01B468')

CREATE TABLE Sys_PMHomeOutsourcingRate --生管主页:外协按期交付率
(
	id int identity (1,1) primary KEY,
	Type varchar(50)  NULL,--类型
	Cost INT , --成本
	GroupType varchar(50)  NULL, --外协按期交付率(WX)/物料按期交付率(WL)
	CreationTime DATETIME not null default getdate(),--创建时间
	IsEffective int DEFAULT 1 -- 0 无效 1 有效 1显示
)
INSERT dbo.Sys_PMHomeOutsourcingRate(Type,Cost,GroupType)VALUES('按期',88,'WX')
INSERT dbo.Sys_PMHomeOutsourcingRate(Type,Cost,GroupType)VALUES('延期',12,'WX') 
INSERT dbo.Sys_PMHomeOutsourcingRate(Type,Cost,GroupType)VALUES('按期',98,'WL')
INSERT dbo.Sys_PMHomeOutsourcingRate(Type,Cost,GroupType)VALUES('延期',2,'WL') 

CREATE table Sys_PMHomeOutsourcingDetail  --生管主页:外协按期交付追踪
(  
id int identity (1,1) primary key , 
OutsourcingNo varchar(50)  NULL, --外协单号
ModuleNumber varchar(50)  NULL,--模号
WorkpieceNo varchar(50)  NULL,--工件号
WorkingProcedure varchar(50)  NULL,--委外工序
Supplier varchar(50)  NULL,--供应商
PlannedDeliveryDate DATE, --计划交期
DaysOfExtension INT,--延期天数
DaysOfExtensionColor VARCHAR(10),--延期天数颜色
GroupType varchar(50)  NULL, --外协按期交付率(WX)/物料按期交付率(WL)
CreationTime DATETIME not null default getdate(),--创建时间
IsEffective int DEFAULT 1 -- 0 无效 1 有效 1显示
) 
INSERT INTO Sys_PMHomeOutsourcingDetail(OutsourcingNo,ModuleNumber,WorkpieceNo,WorkingProcedure,Supplier,PlannedDeliveryDate,DaysOfExtension,DaysOfExtensionColor,GroupType)VALUES('WX200302001','20KK02003','201_1','铣床','DJ',GETDATE(),6,'#D80000','WX')
INSERT INTO Sys_PMHomeOutsourcingDetail(OutsourcingNo,ModuleNumber,WorkpieceNo,WorkingProcedure,Supplier,PlannedDeliveryDate,DaysOfExtension,DaysOfExtensionColor,GroupType)VALUES('WX200302002','20KK04013','202_2','热处理','KS',GETDATE(),3,'#CCFF33','WX')
INSERT INTO Sys_PMHomeOutsourcingDetail(OutsourcingNo,ModuleNumber,WorkpieceNo,WorkingProcedure,Supplier,PlannedDeliveryDate,DaysOfExtension,DaysOfExtensionColor,GroupType)VALUES('WX200302003','20KK04023','202_2','热处理','KS',GETDATE(),4,'#CCFF33','WX')
INSERT INTO Sys_PMHomeOutsourcingDetail(OutsourcingNo,ModuleNumber,WorkpieceNo,WorkingProcedure,Supplier,PlannedDeliveryDate,DaysOfExtension,DaysOfExtensionColor,GroupType)VALUES('WX200302004','20KK04033','202_2','热处理','KS',GETDATE(),4,'#CCFF33','WX')
INSERT INTO Sys_PMHomeOutsourcingDetail(OutsourcingNo,ModuleNumber,WorkpieceNo,WorkingProcedure,Supplier,PlannedDeliveryDate,DaysOfExtension,DaysOfExtensionColor,GroupType)VALUES('WX200302005','20KK04043','202_2','热处理','KS',GETDATE(),5,'#CCFF33','WX')
INSERT INTO Sys_PMHomeOutsourcingDetail(OutsourcingNo,ModuleNumber,WorkpieceNo,WorkingProcedure,Supplier,PlannedDeliveryDate,DaysOfExtension,DaysOfExtensionColor,GroupType)VALUES('WX200302006','20KK04053','202_2','热处理','KS',GETDATE(),5,'#CCFF33','WX')
INSERT INTO Sys_PMHomeOutsourcingDetail(OutsourcingNo,ModuleNumber,WorkpieceNo,WorkingProcedure,Supplier,PlannedDeliveryDate,DaysOfExtension,DaysOfExtensionColor,GroupType)VALUES('WX200302007','20KK04063','202_2','热处理','KS',GETDATE(),7,'#CCFF33','WX')
INSERT INTO Sys_PMHomeOutsourcingDetail(OutsourcingNo,ModuleNumber,WorkpieceNo,WorkingProcedure,Supplier,PlannedDeliveryDate,DaysOfExtension,DaysOfExtensionColor,GroupType)VALUES('WX200302008','20KK04073','202_2','热处理','KS',GETDATE(),5,'#CCFF33','WX')

INSERT INTO Sys_PMHomeOutsourcingDetail(OutsourcingNo,ModuleNumber,WorkpieceNo,WorkingProcedure,Supplier,PlannedDeliveryDate,DaysOfExtension,DaysOfExtensionColor,GroupType)VALUES('CG200302033','20KK02003','201_1','原材料','KJJS',GETDATE(),6,'#D80000','WL')
INSERT INTO Sys_PMHomeOutsourcingDetail(OutsourcingNo,ModuleNumber,WorkpieceNo,WorkingProcedure,Supplier,PlannedDeliveryDate,DaysOfExtension,DaysOfExtensionColor,GroupType)VALUES('CG200302002','20KK04013','202_2','原材料','KJJS',GETDATE(),3,'#CCFF33','WL')
INSERT INTO Sys_PMHomeOutsourcingDetail(OutsourcingNo,ModuleNumber,WorkpieceNo,WorkingProcedure,Supplier,PlannedDeliveryDate,DaysOfExtension,DaysOfExtensionColor,GroupType)VALUES('CG200302003','20KK04023','202_2','原材料','KJJS',GETDATE(),4,'#CCFF33','WL')
INSERT INTO Sys_PMHomeOutsourcingDetail(OutsourcingNo,ModuleNumber,WorkpieceNo,WorkingProcedure,Supplier,PlannedDeliveryDate,DaysOfExtension,DaysOfExtensionColor,GroupType)VALUES('CG200302004','20KK04033','202_2','原材料','KJJS',GETDATE(),4,'#CCFF33','WL')
INSERT INTO Sys_PMHomeOutsourcingDetail(OutsourcingNo,ModuleNumber,WorkpieceNo,WorkingProcedure,Supplier,PlannedDeliveryDate,DaysOfExtension,DaysOfExtensionColor,GroupType)VALUES('CG200302005','20KK04043','202_2','原材料','KJJS',GETDATE(),5,'#CCFF33','WL')
INSERT INTO Sys_PMHomeOutsourcingDetail(OutsourcingNo,ModuleNumber,WorkpieceNo,WorkingProcedure,Supplier,PlannedDeliveryDate,DaysOfExtension,DaysOfExtensionColor,GroupType)VALUES('CG200302006','20KK04053','202_2','原材料','KJJS',GETDATE(),5,'#CCFF33','WL')
INSERT INTO Sys_PMHomeOutsourcingDetail(OutsourcingNo,ModuleNumber,WorkpieceNo,WorkingProcedure,Supplier,PlannedDeliveryDate,DaysOfExtension,DaysOfExtensionColor,GroupType)VALUES('CG200302007','20KK04063','202_2','原材料','KJJS',GETDATE(),7,'#CCFF33','WL')
INSERT INTO Sys_PMHomeOutsourcingDetail(OutsourcingNo,ModuleNumber,WorkpieceNo,WorkingProcedure,Supplier,PlannedDeliveryDate,DaysOfExtension,DaysOfExtensionColor,GroupType)VALUES('CG200302008','20KK04073','202_2','原材料','KJJS',GETDATE(),5,'#CCFF33','WL')

CREATE TABLE Sys_PMHomeJiadongRate --生管主页:稼动率趋势
(
	id int identity (1,1) primary KEY,
	Month_Day varchar(20)  NULL, --日期
	Device_Name varchar(50)  NULL,--设备名
	TrendRate FLOAT,--趋势数
	CreationTime DATETIME not null default getdate(),--创建时间
	IsEffective int DEFAULT 1 -- 0 无效 1 有效 1显示
)
INSERT INTO [dbo].Sys_PMHomeJiadongRate ([Month_Day],[Device_Name],[TrendRate])VALUES ('2-28','CNC钢料A',89)
INSERT INTO [dbo].Sys_PMHomeJiadongRate ([Month_Day],[Device_Name],[TrendRate])VALUES ('2-28','CNC钢料B',92)
INSERT INTO [dbo].Sys_PMHomeJiadongRate ([Month_Day],[Device_Name],[TrendRate])VALUES ('2-28','CNC电极',95)
INSERT INTO [dbo].Sys_PMHomeJiadongRate ([Month_Day],[Device_Name],[TrendRate])VALUES ('2-28','EDM',85)
INSERT INTO [dbo].Sys_PMHomeJiadongRate ([Month_Day],[Device_Name],[TrendRate])VALUES ('3-1','CNC钢料A',91)
INSERT INTO [dbo].Sys_PMHomeJiadongRate ([Month_Day],[Device_Name],[TrendRate])VALUES ('3-1','CNC钢料B',94)
INSERT INTO [dbo].Sys_PMHomeJiadongRate ([Month_Day],[Device_Name],[TrendRate])VALUES ('3-1','CNC电极',98)
INSERT INTO [dbo].Sys_PMHomeJiadongRate ([Month_Day],[Device_Name],[TrendRate])VALUES ('3-1','EDM',83)
INSERT INTO [dbo].Sys_PMHomeJiadongRate ([Month_Day],[Device_Name],[TrendRate])VALUES ('3-2','CNC钢料A',92)
INSERT INTO [dbo].Sys_PMHomeJiadongRate ([Month_Day],[Device_Name],[TrendRate])VALUES ('3-2','CNC钢料B',96)
INSERT INTO [dbo].Sys_PMHomeJiadongRate ([Month_Day],[Device_Name],[TrendRate])VALUES ('3-2','CNC电极',99)
INSERT INTO [dbo].Sys_PMHomeJiadongRate ([Month_Day],[Device_Name],[TrendRate])VALUES ('3-2','EDM',84)
INSERT INTO [dbo].Sys_PMHomeJiadongRate ([Month_Day],[Device_Name],[TrendRate])VALUES ('3-3','CNC钢料A',94)
INSERT INTO [dbo].Sys_PMHomeJiadongRate ([Month_Day],[Device_Name],[TrendRate])VALUES ('3-3','CNC钢料B',95)
INSERT INTO [dbo].Sys_PMHomeJiadongRate ([Month_Day],[Device_Name],[TrendRate])VALUES ('3-3','CNC电极',96)
INSERT INTO [dbo].Sys_PMHomeJiadongRate ([Month_Day],[Device_Name],[TrendRate])VALUES ('3-3','EDM',88)
INSERT INTO [dbo].Sys_PMHomeJiadongRate ([Month_Day],[Device_Name],[TrendRate])VALUES ('3-4','CNC钢料A',92)
INSERT INTO [dbo].Sys_PMHomeJiadongRate ([Month_Day],[Device_Name],[TrendRate])VALUES ('3-4','CNC钢料B',93)
INSERT INTO [dbo].Sys_PMHomeJiadongRate ([Month_Day],[Device_Name],[TrendRate])VALUES ('3-4','CNC电极',96)
INSERT INTO [dbo].Sys_PMHomeJiadongRate ([Month_Day],[Device_Name],[TrendRate])VALUES ('3-4','EDM',87)
INSERT INTO [dbo].Sys_PMHomeJiadongRate ([Month_Day],[Device_Name],[TrendRate])VALUES ('3-5','CNC钢料A',93)
INSERT INTO [dbo].Sys_PMHomeJiadongRate ([Month_Day],[Device_Name],[TrendRate])VALUES ('3-5','CNC钢料B',91)
INSERT INTO [dbo].Sys_PMHomeJiadongRate ([Month_Day],[Device_Name],[TrendRate])VALUES ('3-5','CNC电极',97)
INSERT INTO [dbo].Sys_PMHomeJiadongRate ([Month_Day],[Device_Name],[TrendRate])VALUES ('3-5','EDM',86)

CREATE TABLE Sys_QualityOTeamPassRate --品质工程：班组合格率
(
	id int identity (1,1) primary KEY,
	DeviceType varchar(50)  NULL, --设备类型
	DeviceName varchar(50)  NULL,--设备名
	Number INT,--合格率
	Colour varchar(50)  NULL,  --颜色
	CreationTime DATETIME not null default getdate(),--创建时间
	IsEffective int DEFAULT 1 -- 0 无效 1 有效 1显示
) 
INSERT INTO dbo.Sys_QualityOTeamPassRate(DeviceType,DeviceName,Number,Colour)VALUES  ('CNC钢料A组','合格率',98,'#01B468')
INSERT INTO dbo.Sys_QualityOTeamPassRate(DeviceType,DeviceName,Number,Colour)VALUES  ('CNC钢料B组','合格率',95,'#01B468')
INSERT INTO dbo.Sys_QualityOTeamPassRate(DeviceType,DeviceName,Number,Colour)VALUES  ('CNC电极组','合格率',98,'#01B468')
INSERT INTO dbo.Sys_QualityOTeamPassRate(DeviceType,DeviceName,Number,Colour)VALUES  ('EDM放电A组','合格率',89,'#F9F900')
INSERT INTO dbo.Sys_QualityOTeamPassRate(DeviceType,DeviceName,Number,Colour)VALUES  ('EDM放电B组','合格率',87,'#F9F900')
INSERT INTO dbo.Sys_QualityOTeamPassRate(DeviceType,DeviceName,Number,Colour)VALUES  ('钳工A组','合格率',85,'#F9F900')

CREATE TABLE Sys_QualityOExceptionalResults --品质工程:异常处理结果统计
(
	id int identity (1,1) primary KEY,
	Type varchar(50)  NULL,--类型
	Cost INT , --成本
	CreationTime DATETIME not null default getdate(),--创建时间
	IsEffective int DEFAULT 1 -- 0 无效 1 有效 1显示
)
INSERT dbo.Sys_QualityOExceptionalResults(Type,Cost)VALUES('特采',68)
INSERT dbo.Sys_QualityOExceptionalResults(Type,Cost)VALUES('返工',12)
INSERT dbo.Sys_QualityOExceptionalResults(Type,Cost)VALUES('返修',17)
INSERT dbo.Sys_QualityOExceptionalResults(Type,Cost)VALUES('报废',3)

CREATE table Sys_QualityOExceptionalDetail  --品质工程:异常处理结果统计明细
(  
id int identity (1,1) primary key , 
ProjectNo varchar(50)  NULL, --项目单号
ModuleNumber varchar(50)  NULL,--模号
WorkpieceNo varchar(50)  NULL,--工件号
ExceptionalProcedure varchar(50)  NULL,--异常工序
TreatmentMethod varchar(50)  NULL,--处理方式
Colour varchar(50)  NULL,  --颜色
CreationTime DATETIME not null default getdate(),--创建时间
IsEffective int DEFAULT 1 -- 0 无效 1 有效 1显示
) 
INSERT INTO Sys_QualityOExceptionalDetail(ProjectNo,ModuleNumber,WorkpieceNo,ExceptionalProcedure,TreatmentMethod,Colour)VALUES('WX200302001','20KK02003','201_1','铣床','报废','#F9F900')
INSERT INTO Sys_QualityOExceptionalDetail(ProjectNo,ModuleNumber,WorkpieceNo,ExceptionalProcedure,TreatmentMethod,Colour)VALUES('WX200302002','20KK04003','202_2','热处理','返修','#F9F900')
INSERT INTO Sys_QualityOExceptionalDetail(ProjectNo,ModuleNumber,WorkpieceNo,ExceptionalProcedure,TreatmentMethod,Colour)VALUES('WX200302003','20KK02001','201_3','铣床','返工','#F9F900')
INSERT INTO Sys_QualityOExceptionalDetail(ProjectNo,ModuleNumber,WorkpieceNo,ExceptionalProcedure,TreatmentMethod,Colour)VALUES('WX200302004','20KK03003','203_2','研磨','特采','#F9F900')
INSERT INTO Sys_QualityOExceptionalDetail(ProjectNo,ModuleNumber,WorkpieceNo,ExceptionalProcedure,TreatmentMethod,Colour)VALUES('WX200302005','20KK01002','201_3','铣床','报废','#01B468')

CREATE TABLE Sys_QualityOPassRateTrend --品质工程:班组合格率走势  
(
	id int identity (1,1) primary KEY,
	Month_Day varchar(20)  NULL, --日期
	Device_Name varchar(50)  NULL,--设备名
	TrendRate FLOAT,--趋势数
	CreationTime DATETIME not null default getdate(),--创建时间
	IsEffective int DEFAULT 1 -- 0 无效 1 有效 1显示
)
INSERT INTO [dbo].Sys_QualityOPassRateTrend ([Month_Day],[Device_Name],[TrendRate])VALUES ('1月','CNC',88)
INSERT INTO [dbo].Sys_QualityOPassRateTrend ([Month_Day],[Device_Name],[TrendRate])VALUES ('1月','EDM',88)
INSERT INTO [dbo].Sys_QualityOPassRateTrend ([Month_Day],[Device_Name],[TrendRate])VALUES ('1月','WE',99)
INSERT INTO [dbo].Sys_QualityOPassRateTrend ([Month_Day],[Device_Name],[TrendRate])VALUES ('2月','CNC',95)
INSERT INTO [dbo].Sys_QualityOPassRateTrend ([Month_Day],[Device_Name],[TrendRate])VALUES ('2月','EDM',90)
INSERT INTO [dbo].Sys_QualityOPassRateTrend ([Month_Day],[Device_Name],[TrendRate])VALUES ('2月','WE',95)
INSERT INTO [dbo].Sys_QualityOPassRateTrend ([Month_Day],[Device_Name],[TrendRate])VALUES ('3月','CNC',98)
INSERT INTO [dbo].Sys_QualityOPassRateTrend ([Month_Day],[Device_Name],[TrendRate])VALUES ('3月','EDM',95)
INSERT INTO [dbo].Sys_QualityOPassRateTrend ([Month_Day],[Device_Name],[TrendRate])VALUES ('3月','WE',85)
INSERT INTO [dbo].Sys_QualityOPassRateTrend ([Month_Day],[Device_Name],[TrendRate])VALUES ('4月','CNC',99)
INSERT INTO [dbo].Sys_QualityOPassRateTrend ([Month_Day],[Device_Name],[TrendRate])VALUES ('4月','EDM',100)
INSERT INTO [dbo].Sys_QualityOPassRateTrend ([Month_Day],[Device_Name],[TrendRate])VALUES ('4月','WE',80)
INSERT INTO [dbo].Sys_QualityOPassRateTrend ([Month_Day],[Device_Name],[TrendRate])VALUES ('5月','CNC',95)
INSERT INTO [dbo].Sys_QualityOPassRateTrend ([Month_Day],[Device_Name],[TrendRate])VALUES ('5月','EDM',95)
INSERT INTO [dbo].Sys_QualityOPassRateTrend ([Month_Day],[Device_Name],[TrendRate])VALUES ('5月','WE',83)
INSERT INTO [dbo].Sys_QualityOPassRateTrend ([Month_Day],[Device_Name],[TrendRate])VALUES ('6月','CNC',93)
INSERT INTO [dbo].Sys_QualityOPassRateTrend ([Month_Day],[Device_Name],[TrendRate])VALUES ('6月','EDM',88)
INSERT INTO [dbo].Sys_QualityOPassRateTrend ([Month_Day],[Device_Name],[TrendRate])VALUES ('6月','WE',95)
INSERT INTO [dbo].Sys_QualityOPassRateTrend ([Month_Day],[Device_Name],[TrendRate])VALUES ('7月','CNC',88)
INSERT INTO [dbo].Sys_QualityOPassRateTrend ([Month_Day],[Device_Name],[TrendRate])VALUES ('7月','EDM',89)
INSERT INTO [dbo].Sys_QualityOPassRateTrend ([Month_Day],[Device_Name],[TrendRate])VALUES ('7月','WE',99)
INSERT INTO [dbo].Sys_QualityOPassRateTrend ([Month_Day],[Device_Name],[TrendRate])VALUES ('8月','CNC',85)
INSERT INTO [dbo].Sys_QualityOPassRateTrend ([Month_Day],[Device_Name],[TrendRate])VALUES ('8月','EDM',93)
INSERT INTO [dbo].Sys_QualityOPassRateTrend ([Month_Day],[Device_Name],[TrendRate])VALUES ('8月','WE',98)
INSERT INTO [dbo].Sys_QualityOPassRateTrend ([Month_Day],[Device_Name],[TrendRate])VALUES ('9月','CNC',91)
INSERT INTO [dbo].Sys_QualityOPassRateTrend ([Month_Day],[Device_Name],[TrendRate])VALUES ('9月','EDM',95)
INSERT INTO [dbo].Sys_QualityOPassRateTrend ([Month_Day],[Device_Name],[TrendRate])VALUES ('9月','WE',96)
INSERT INTO [dbo].Sys_QualityOPassRateTrend ([Month_Day],[Device_Name],[TrendRate])VALUES ('10月','CNC',95)
INSERT INTO [dbo].Sys_QualityOPassRateTrend ([Month_Day],[Device_Name],[TrendRate])VALUES ('10月','EDM',89)
INSERT INTO [dbo].Sys_QualityOPassRateTrend ([Month_Day],[Device_Name],[TrendRate])VALUES ('10月','WE',95)
INSERT INTO [dbo].Sys_QualityOPassRateTrend ([Month_Day],[Device_Name],[TrendRate])VALUES ('11月','CNC',92)
INSERT INTO [dbo].Sys_QualityOPassRateTrend ([Month_Day],[Device_Name],[TrendRate])VALUES ('11月','EDM',89)
INSERT INTO [dbo].Sys_QualityOPassRateTrend ([Month_Day],[Device_Name],[TrendRate])VALUES ('11月','WE',97)
INSERT INTO [dbo].Sys_QualityOPassRateTrend ([Month_Day],[Device_Name],[TrendRate])VALUES ('12月','CNC',89)
INSERT INTO [dbo].Sys_QualityOPassRateTrend ([Month_Day],[Device_Name],[TrendRate])VALUES ('12月','EDM',99)
INSERT INTO [dbo].Sys_QualityOPassRateTrend ([Month_Day],[Device_Name],[TrendRate])VALUES ('12月','WE',93)

CREATE TABLE Sys_QualityOHandleExceptionalResults --品质工程:待处理/已处理异常统计  
(
	id int identity (1,1) primary KEY,
	DeviceType varchar(50)  NULL, --设备类型
	DeviceName varchar(50)  NULL,--待处理/已处理
	TrendRate INT,--趋势数
	CreationTime DATETIME not null default getdate(),--创建时间
	IsEffective int DEFAULT 1 -- 0 无效 1 有效 1显示
)
INSERT INTO Sys_QualityOHandleExceptionalResults(DeviceType,DeviceName,TrendRate)VALUES('CNC','待处理',32)
INSERT INTO Sys_QualityOHandleExceptionalResults(DeviceType,DeviceName,TrendRate)VALUES('CNC','已处理',30)
INSERT INTO Sys_QualityOHandleExceptionalResults(DeviceType,DeviceName,TrendRate)VALUES('EDM','待处理',37)
INSERT INTO Sys_QualityOHandleExceptionalResults(DeviceType,DeviceName,TrendRate)VALUES('EDM','已处理',25)
INSERT INTO Sys_QualityOHandleExceptionalResults(DeviceType,DeviceName,TrendRate)VALUES('WE','待处理',15)
INSERT INTO Sys_QualityOHandleExceptionalResults(DeviceType,DeviceName,TrendRate)VALUES('WE','已处理',12)
INSERT INTO Sys_QualityOHandleExceptionalResults(DeviceType,DeviceName,TrendRate)VALUES('车','待处理',17)
INSERT INTO Sys_QualityOHandleExceptionalResults(DeviceType,DeviceName,TrendRate)VALUES('车','已处理',3)
INSERT INTO Sys_QualityOHandleExceptionalResults(DeviceType,DeviceName,TrendRate)VALUES('铣','待处理',15)
INSERT INTO Sys_QualityOHandleExceptionalResults(DeviceType,DeviceName,TrendRate)VALUES('铣','已处理',13)


